,t_count,concept,d_count,tf,idf,tf_idf,weight,DSI-0,DSI-1,DSI-2,DSI-3,DSI-4,DSI-5,DSI-6,DSI-7,DSI-8,DSI-9,DSI-10,DSI-11,DSI-12,DSI-13,DSI-14,DSI-15,DSI-16,DSI-17,DSI-18,DSI-19,DSI-20,DSI-21,DSI-22,DSI-23,DSI-24,DSI-25,DSI-26,DSI-27,DSI-28,DSI-29,DSI-30,DSI-31,DSI-32,DSI-33,DSI-34,DSI-35,DSI-36,DSI-37,DSI-38,DSI-39,DSI-40,DSI-41,DSI-42,DSI-43,DSI-44,DSI-45,DSI-46,DSI-47,DSI-48,DSI-49,DSI-50,DSI-51,DSI-52,DSI-53,DSI-54,DSI-55,DSI-56
donaldTrump,298,presidentDonaldTrump,42,0.06126644736842105,0.13262556527459096,0.008125497214602819,1.0,0.016129032258064516,0.17142857142857143,0.1346153846153846,0.08,0.0641025641025641,0.10410958904109589,0.03523489932885906,0.15384615384615385,0.08108108108108109,,0.18181818181818182,0.019230769230769232,,0.12962962962962962,0.2376237623762376,,0.05673758865248227,0.018867924528301886,0.03571428571428571,,0.05,,,,,,0.13559322033898305,0.03389830508474576,0.046153846153846156,0.012987012987012988,0.10526315789473684,0.1724137931034483,0.021739130434782608,0.014492753623188406,,,0.018957345971563982,0.1,0.21052631578947367,,0.08695652173913043,0.07526881720430108,0.0380952380952381,0.10344827586206896,0.0392156862745098,0.13846153846153847,0.016129032258064516,,,,0.29411764705882354,0.08695652173913043,0.018018018018018018,0.35,0.1095890410958904,0.11904761904761904,0.12195121951219512
fox news,60,media,23,0.012335526315789474,0.3941470196548985,0.0048620109332429915,1.0,0.056451612903225805,0.05714285714285714,0.009615384615384616,0.02,0.01282051282051282,0.03287671232876712,0.013422818791946308,,,,0.030303030303030304,0.07692307692307693,0.02127659574468085,0.018518518518518517,0.009900990099009901,,0.010638297872340425,,,,,,,,,,,,0.015384615384615385,,0.02631578947368421,,0.021739130434782608,0.014492753623188406,0.011235955056179775,,0.0071090047393364926,,,,,0.021505376344086023,,,,,,,,,,0.021739130434782608,,,0.0136986301369863,,0.036585365853658534
davidShulkin,59,trumpStaff,8,0.012129934210526315,0.8527848686805478,0.010344224352827369,1.0,,,0.11538461538461539,,0.16666666666666666,0.010958904109589041,,,,,0.2727272727272727,,,0.05555555555555555,0.009900990099009901,,,,,,,,,,,,0.13559322033898305,,,,,,,,,,,,0.23684210526315788,,,,,,,,,,,,,,,,,,
fbi,57,lawEnforcement,13,0.01171875,0.6419315033656546,0.007522634805066266,1.0,0.04032258064516129,,,,,0.01643835616438356,0.010067114093959731,,0.05405405405405406,0.12371134020618557,,,0.05319148936170213,,,,0.0035460992907801418,,0.07142857142857142,0.028846153846153848,,,,,,,,,,,,,0.08695652173913043,0.043478260869565216,,,0.004739336492890996,,,,,,0.05714285714285714,,,,,,,,,,,,,,
unitedStates,48,unitedStates,23,0.009868421052631578,0.3941470196548985,0.003889608746594393,1.0,,,,,,,,,,,,,0.010638297872340425,,0.0297029702970297,,0.0035460992907801418,0.018867924528301886,0.03571428571428571,,,0.12121212121212122,,,0.08333333333333333,,,0.01694915254237288,,0.012987012987012988,,0.034482758620689655,0.021739130434782608,0.014492753623188406,0.011235955056179775,,0.004739336492890996,,,,,0.06451612903225806,,0.09195402298850575,,0.03076923076923077,0.06451612903225806,0.02040816326530612,,0.017857142857142856,,0.010869565217391304,0.018018018018018018,,,,0.024390243902439025
democrat,48,democrat,13,0.009868421052631578,0.6419315033656546,0.006334850362161065,1.0,,,,,,,0.02181208053691275,,,0.020618556701030927,,,,,,,0.031914893617021274,,,0.009615384615384616,,,,0.01694915254237288,,,,,,,,,,,,0.025,0.023696682464454975,0.02,,0.019230769230769232,,0.03225806451612903,0.02857142857142857,0.011494252873563218,0.0392156862745098,,,,,,,,,,,,
republican,44,republican,14,0.009046052631578948,0.6097468199942534,0.005515801825605911,1.0,,,,,,0.0027397260273972603,0.018456375838926176,,,,,,0.02127659574468085,,,,0.031914893617021274,,,,0.025,,,,,,,,,,,,,,,0.025,0.0071090047393364926,0.02,,0.038461538461538464,,0.021505376344086023,0.05714285714285714,0.022988505747126436,,,,,,0.03571428571428571,,,,,0.0136986301369863,,
election,44,election,15,0.009046052631578948,0.5797835966168101,0.005244752929921802,1.0,0.008064516129032258,,,,,0.0027397260273972603,0.02348993288590604,,0.02702702702702703,,,,,,0.009900990099009901,,0.02127659574468085,,,,0.15,,,,,0.03333333333333333,,,0.03076923076923077,,,,,,,,0.0071090047393364926,0.02,,0.019230769230769232,,,,,,,,0.04081632653061224,,,0.029411764705882353,,,,0.0410958904109589,,
andrewMccabe,39,trumpStaff,9,0.008018092105263159,0.8016323462331665,0.0064275619866557355,1.0,0.008064516129032258,,,,,0.010958904109589041,0.003355704697986577,,,0.030927835051546393,,,,,,,,,0.39285714285714285,,,,,,,,,,,,,,0.13043478260869565,0.043478260869565216,,,0.018957345971563982,,,,,,0.009523809523809525,,,,,,,,,,,,,,
investigation,37,russiaElectionInterference,16,0.007606907894736842,0.5517548730165667,0.004197148499509245,1.0,0.03225806451612903,,0.019230769230769232,,,0.005479452054794521,0.003355704697986577,,0.02702702702702703,0.020618556701030927,,,0.05319148936170213,,,,,,,0.038461538461538464,,,,,,,,,,,,,0.021739130434782608,0.014492753623188406,,,0.002369668246445498,0.02,,,0.043478260869565216,,0.05714285714285714,,,,,,,,0.029411764705882353,,,0.075,,,
veteransAffairs,36,government,9,0.007401315789473684,0.8016323462331665,0.00593313414152837,1.0,,,0.08653846153846154,,0.1282051282051282,,0.0016778523489932886,,,,0.18181818181818182,,,0.037037037037037035,0.009900990099009901,,0.0070921985815602835,,,,,,,,,,0.05084745762711865,,,,,,,,,,,,0.05263157894736842,,,,,,,,,,,,,,,,,,
hillaryClinton,36,democrat,8,0.007401315789473684,0.8527848686805478,0.00631173011358958,1.0,,,,,,0.0027397260273972603,0.003355704697986577,,,0.010309278350515464,,,,,,,0.01773049645390071,,,,0.2,,,,,0.16666666666666666,,,0.15384615384615385,,,,,,,,0.009478672985781991,,,,,,,,,,,,,,,,,,,,
robertMueller,34,russiaElectionInterference,8,0.0069901315789473685,0.8527848686805478,0.005961078440612382,1.0,,,,,,0.0027397260273972603,0.01174496644295302,,0.02702702702702703,,,,,,,,,,,,,,,,,,,,,,,,,,,,0.002369668246445498,0.14,,,,,0.01904761904761905,,,,,,,,0.20588235294117646,,,0.2,,,
white house,34,trumpStaff,13,0.0069901315789473685,0.6419315033656546,0.004487185673197422,1.0,0.008064516129032258,,,,,0.038356164383561646,0.003355704697986577,,0.05405405405405406,0.010309278350515464,,,,,,,0.01773049645390071,0.018867924528301886,,,,,,,,,0.03389830508474576,,,,,,,0.014492753623188406,,,0.002369668246445498,,0.05263157894736842,,,0.010752688172043012,,,,,,,,,,,,,0.0136986301369863,,
government,33,government,20,0.006784539473684211,0.4548448600085102,0.0030859129071301064,1.0,0.016129032258064516,,0.019230769230769232,0.02,0.01282051282051282,0.0027397260273972603,0.008389261744966443,0.03076923076923077,,0.010309278350515464,,,,,0.009900990099009901,,0.0035460992907801418,0.018867924528301886,,,,,,0.01694915254237288,,,,0.05084745762711865,,,,,,0.014492753623188406,,,0.004739336492890996,,,,,,,,0.0784313725490196,0.015384615384615385,,0.02040816326530612,,,,,0.009009009009009009,,,0.023809523809523808,
daca,31,immigration,5,0.006373355263157895,1.0569048513364727,0.00673603009692242,1.0,,,,,,,,,,,,,,,,,,,,,,,,,,,,0.06779661016949153,,,,,,,,,0.002369668246445498,,,,,0.21505376344086022,,0.05747126436781609,,,,,,,,,,,,,0.012195121951219513
congress,31,government,14,0.006373355263157895,0.6097468199942534,0.003886133104404164,1.0,0.016129032258064516,0.02857142857142857,,,,,0.003355704697986577,0.03076923076923077,,0.010309278350515464,,,0.031914893617021274,,0.019801980198019802,,0.014184397163120567,,,,,,,0.05084745762711865,,,,,,,,,,,,0.075,0.011848341232227487,,,,,,0.009523809523809525,0.011494252873563218,,,,,,,,,,,,,0.012195121951219513
trumpAdministration,29,trumpStaff,15,0.005962171052631579,0.5797835966168101,0.0034567689765393696,1.0,,,,0.02,,0.0136986301369863,,0.015384615384615385,,,,,,,0.019801980198019802,,,,,,0.05,,,,0.041666666666666664,0.03333333333333333,,0.03389830508474576,,,,,,0.014492753623188406,,,,,0.05263157894736842,,,0.06451612903225806,,,0.0196078431372549,0.015384615384615385,0.03225806451612903,,,,,,0.009009009009009009,,,,
specialCounsel,26,russiaElectionInterference,9,0.005345394736842105,0.8016323462331665,0.004285041324437157,1.0,0.008064516129032258,,,,,,0.003355704697986577,,0.05405405405405406,,,0.019230769230769232,0.0851063829787234,,,,,,,,,,,,,,,,,,,,,,,,0.0071090047393364926,0.04,,,,,0.05714285714285714,,,,,,,,,,,0.025,,,
USMilitary,24,war,7,0.004934210526315789,0.9107768156582345,0.004493964550945236,1.0,,0.02857142857142857,,,,,,,,,,,,0.018518518518518517,,,,,,,,,,,,,,,,,,,,,0.011235955056179775,,,,,,,,0.009523809523809525,,,0.03076923076923077,,,,,,0.15217391304347827,,,,,0.04878048780487805
campaign,24,election,12,0.004934210526315789,0.6766936096248666,0.003338948731701644,1.0,0.008064516129032258,,0.009615384615384616,,0.01282051282051282,0.005479452054794521,0.006711409395973154,,,0.010309278350515464,,,,,,,,,,,,,,,,,,,0.09230769230769231,,,,,,,,0.004739336492890996,,,,,,0.01904761904761905,,0.0196078431372549,,,,,,,,,0.025,0.0273972602739726,,
justiceDepartment,22,judicial,8,0.004523026315789474,0.8527848686805478,0.0038571684027491884,1.0,0.016129032258064516,,,,,0.00821917808219178,0.003355704697986577,,,0.030927835051546393,,,0.0425531914893617,,,,0.0035460992907801418,,,,,,,,,,,,,,,,,,,,0.002369668246445498,,,,,,0.05714285714285714,,,,,,,,,,,,,,
nathanielOaks,22,violenceCrime,1,0.004523026315789474,1.7558748556724915,0.007941868179439723,1.0,,,,,,,,,,,,,,,,,,,,0.21153846153846154,,,,,,,,,,,,,,,,,,,,,,,,,,,,,,,,,,,,,
associated press,22,media,20,0.004523026315789474,0.4548448600085102,0.0020572752714200708,1.0,,,0.009615384615384616,,,0.005479452054794521,,,,,0.030303030303030304,,,0.018518518518518517,,0.034482758620689655,,,,,,,0.02,0.03389830508474576,,,,,,0.012987012987012988,,,,,,,0.002369668246445498,,0.02631578947368421,,0.043478260869565216,0.010752688172043012,0.009523809523809525,0.011494252873563218,0.0196078431372549,,,,0.02040816326530612,0.017857142857142856,,0.010869565217391304,0.009009009009009009,,,0.023809523809523808,
china,22,china,3,0.004523026315789474,1.2787536009528289,0.0057838361885201965,1.0,,,,,,,,,,,,,,,,,,,,,,,,,,,,,,,,,,,,,0.002369668246445498,,,,,,,,,,0.11290322580645161,,,,,,0.12612612612612611,,,,
elizabethEsty,22,democrat,3,0.004523026315789474,1.2787536009528289,0.0057838361885201965,1.0,,,,,,,,,,,,,,,,,,,,,,,,0.1694915254237288,,,,,,,,,,,,,0.004739336492890996,,,0.19230769230769232,,,,,,,,,,,,,,,,,
wall,21,immigration,7,0.004317434210526316,0.9107768156582345,0.003932218982077082,1.0,,0.11428571428571428,,,,,,,,,,0.019230769230769232,,,0.06930693069306931,,,,,,,,,,,,,,,,0.02631578947368421,,,,,,,,,,,,,,0.0196078431372549,,,,,,,0.021739130434782608,,,,,0.06097560975609756
russia,21,russiaElectionInterference,8,0.004317434210526316,0.8527848686805478,0.003681842566260589,1.0,0.03225806451612903,,,,,0.0027397260273972603,,,,0.010309278350515464,,,,0.018518518518518517,,,,,,,,0.18181818181818182,,,,,,,,,,,,,,,0.004739336492890996,0.04,,,,,,,,0.06153846153846154,,,,,,,,,,,
gop,21,republican,5,0.004317434210526316,1.0569048513364727,0.004563117162431318,1.0,0.016129032258064516,,,,,,0.01174496644295302,,,,,,,,,,0.01773049645390071,,,,,,,,,,,,,,,,,,,,0.011848341232227487,,,,,,,,,,,,,,,,,,0.0273972602739726,,
court,21,judicial,11,0.004317434210526316,0.7144821705142663,0.0030847297657893903,1.0,,,,,,,0.010067114093959731,0.046153846153846156,,,,,,,,,0.010638297872340425,,,0.009615384615384616,,,,,,,,0.01694915254237288,,0.025974025974025976,,,,,,,,0.02,0.02631578947368421,,,0.010752688172043012,,,,,,,,,,,0.009009009009009009,,,0.023809523809523808,
northKorea,20,northSouthKorea,6,0.004111842105263158,0.9777236052888477,0.0040202450875363805,1.0,,,,,,0.0027397260273972603,,,,,,,,,0.039603960396039604,,,,,,,,,,,,,,,,,0.1724137931034483,,,,,0.004739336492890996,,,,,,,,,0.06153846153846154,0.06451612903225806,,,,,,,,,,
law,20,judicial,13,0.004111842105263158,0.6419315033656546,0.002639520984233777,1.0,,,,,,,0.003355704697986577,0.015384615384615385,,,,,0.010638297872340425,,,,0.0070921985815602835,,,,,,,,,,,,,0.03896103896103896,,,,,,,0.002369668246445498,,0.02631578947368421,,,0.021505376344086023,,0.011494252873563218,,,,0.04081632653061224,,,,0.010869565217391304,0.009009009009009009,,,,0.024390243902439025
judge,20,judicial,7,0.004111842105263158,0.9107768156582345,0.00374497045912103,1.0,,,,,,,0.0016778523489932886,0.07692307692307693,,,,,,,,,0.0035460992907801418,,,0.019230769230769232,,,,,,,,0.05084745762711865,,0.09090909090909091,,,,,,,,,,,,,,,,,,,,,,,,,,0.023809523809523808,
lawmaker,19,government,12,0.00390625,0.6766936096248666,0.002643334412597135,1.0,,,,,,,0.0016778523489932886,,,0.010309278350515464,,,0.031914893617021274,0.018518518518518517,,,,,,0.019230769230769232,,,0.08,0.03389830508474576,,,,,,,,,0.021739130434782608,,,,,,,,,0.010752688172043012,0.009523809523809525,,,,,,,0.017857142857142856,,,,,,,0.012195121951219513
mexico,19,foreignNation,5,0.00390625,1.0569048513364727,0.0041285345755330966,1.0,,,,,,0.0027397260273972603,,,,,,,,,,,,,,,,,,,,,,,,,,,,,,,,,,,,,,0.12643678160919541,0.0196078431372549,,,,,,,0.021739130434782608,,,,,0.04878048780487805
trump campaign,18,election,9,0.003700657894736842,0.8016323462331665,0.002966567070764185,1.0,0.056451612903225805,,,,,0.005479452054794521,0.0016778523489932886,,,,,,,,,,,0.018867924528301886,,,,,,,,,,,0.015384615384615385,,,,,,,,0.0071090047393364926,0.02,,,,,0.009523809523809525,,,,,,,,,,,,,0.023809523809523808,
johnKelly,17,trumpStaff,7,0.0034950657894736842,0.9107768156582345,0.003183224890252876,1.0,,,,,,0.021917808219178082,,,,,0.030303030303030304,,,,,,,,,,,,,0.05084745762711865,,,,,,,,,,,,0.025,0.004739336492890996,,,0.019230769230769232,,,,,,,,,,,,,,,,,0.012195121951219513
fisa,17,fbiMisconduct,3,0.0034950657894736842,1.2787536009528289,0.004469327963856516,1.0,,,,,,,0.008389261744966443,,,0.09278350515463918,,,0.031914893617021274,,,,,,,,,,,,,,,,,,,,,,,,,,,,,,,,,,,,,,,,,,,,
abortion,16,civilRights,2,0.003289473684210526,1.4548448600085102,0.004785673881606941,1.0,,,,,,,0.0016778523489932886,,,,,,,,,,,,,,,,,,,,,,,,,,,,,,,,,,,,,,,,,,,0.26785714285714285,,,,,,,
attorney,16,judicial,10,0.003289473684210526,0.7558748556724915,0.00248643044629109,1.0,,,,,,0.0027397260273972603,0.0016778523489932886,,,,,,0.010638297872340425,,,,,,,0.009615384615384616,,,,,,,,0.01694915254237288,,,,,,0.043478260869565216,,,0.002369668246445498,,,,,,0.009523809523809525,,,,,,,,,,,0.075,,0.07142857142857142,
ronnyJackson,16,trumpStaff,7,0.003289473684210526,0.9107768156582345,0.002995976367296824,1.0,,,0.038461538461538464,,0.01282051282051282,0.0027397260273972603,,,,,0.030303030303030304,,,0.07407407407407407,0.009900990099009901,,,,,,,,,,,,0.06779661016949153,,,,,,,,,,,,,,,,,,,,,,,,,,,,,,
michaelHorowitz,16,fbiMisconduct,7,0.003289473684210526,0.9107768156582345,0.002995976367296824,1.0,,,,,,,0.003355704697986577,,,0.05154639175257732,,,0.02127659574468085,,,,,,0.03571428571428571,,,,,,,,,,,,,,0.021739130434782608,0.014492753623188406,,,,,,,,,0.0380952380952381,,,,,,,,,,,,,,
michaelFlynn,15,russiaElectionInterference,4,0.0030838815789473685,1.153814864344529,0.00355822840566775,1.0,,,,,,0.005479452054794521,0.003355704697986577,,0.02702702702702703,,,,,,,,,,,,,,,,,,,,,,,,,0.14492753623188406,,,,,,,,,,,,,,,,,,,,,,,
immigration,15,immigration,6,0.0030838815789473685,0.9777236052888477,0.0030151838156522856,1.0,,,,,,,,,,,,,,,,,,,,,,,,,0.08333333333333333,,,0.01694915254237288,,,,,,,,,,,,,,0.021505376344086023,,0.04597701149425287,0.058823529411764705,,,,,,,0.03260869565217391,,,,,
allegation,15,controversy,8,0.0030838815789473685,0.8527848686805478,0.002629887547328992,1.0,,,0.009615384615384616,,,0.0136986301369863,,0.015384615384615385,,0.020618556701030927,,,,,,,,,,,,,,0.03389830508474576,,,,,,,,,,,,0.025,0.002369668246445498,,,0.038461538461538464,,,,,,,,,,,,,,,,,
barackObama,15,formerPresident,8,0.0030838815789473685,0.8527848686805478,0.002629887547328992,1.0,,,,,0.01282051282051282,,0.0050335570469798654,,,,,,,0.018518518518518517,,,,0.03773584905660377,,,,,,,,,,,0.015384615384615385,,,,,,,,,,,,,0.021505376344086023,,,,,,,,,,0.043478260869565216,,,,,0.012195121951219513
nasimAghdam,15,terrorism,1,0.0030838815789473685,1.7558748556724915,0.005414910122345266,1.0,,,,,,,,,,,,,,,,,,,,,,,,,,,,,,,,,,,,,,,,,,,,,,,,,0.30612244897959184,,,,,,,,
borderwall,15,immigration,7,0.0030838815789473685,0.9107768156582345,0.0028087278443407727,1.0,,0.11428571428571428,,,,,,,,,,,,,0.019801980198019802,,,,,,,,,,,,,,,,,,,,,,,,,,,0.010752688172043012,,0.05747126436781609,0.0196078431372549,,,,,,,0.010869565217391304,,,,,0.012195121951219513
immigrant,14,immigration,6,0.0028782894736842104,0.9777236052888477,0.002814171561275466,1.0,,,,,,,,,,,,,,,,,,,,,,,,,0.041666666666666664,,,,,0.012987012987012988,,,,,,,,,,,,0.043010752688172046,,0.034482758620689655,0.0784313725490196,,,,,,,,,,,,0.012195121951219513
johnKasich,14,republican,1,0.0028782894736842104,1.7558748556724915,0.005053916114188915,1.0,,,,,,,,,,,,,,,,,,,,,,,,,,,,,,,,,,,,,,,,,,,,,,,,,,,,,,,0.1917808219178082,,
firing,14,controversy,11,0.0028782894736842104,0.7144821705142663,0.00205648651052626,1.0,,,,,,0.005479452054794521,0.0016778523489932886,,,0.010309278350515464,,,,0.018518518518518517,,,,,0.03571428571428571,,,,,,,,0.01694915254237288,,,,,,0.06521739130434782,0.014492753623188406,,,,,0.02631578947368421,,,,0.009523809523809525,,,,0.016129032258064516,,,,,,,,,,
annaKain,14,civilRights,4,0.0028782894736842104,1.153814864344529,0.003321013178623233,1.0,,,,,,,,,,,,,,,,,,,,,,,,0.05084745762711865,,,,,,,,,,,,0.125,0.0071090047393364926,,,0.057692307692307696,,,,,,,,,,,,,,,,,
elizabethWarren,14,democrat,1,0.0028782894736842104,1.7558748556724915,0.005053916114188915,1.0,,,,,,,,,,,,,,,,,,,,,,,,,,,,,,,,,,,,,,,,,,,,,,,0.22580645161290322,,,,,,,,,,
jeffSessions,14,trumpStaff,11,0.0028782894736842104,0.7144821705142663,0.00205648651052626,1.0,,,,,,,0.003355704697986577,,,0.010309278350515464,,,0.010638297872340425,,,,0.0035460992907801418,,0.03571428571428571,,,,,,,,,,,,,,0.021739130434782608,0.028985507246376812,,,0.004739336492890996,,,,,,0.009523809523809525,,0.0196078431372549,,,,,,,,,,,,0.012195121951219513
justice,13,judicial,9,0.0026726973684210527,0.8016323462331665,0.0021425206622185783,1.0,,,,,,0.0027397260273972603,0.0050335570469798654,,,0.020618556701030927,,,0.02127659574468085,,,0.034482758620689655,0.0035460992907801418,,,0.009615384615384616,,,,,,,,,,,,,,,,,0.002369668246445498,,,,,,,,,,,,,,0.029411764705882353,,,,,,
healthcare,13,healthcare,6,0.0026726973684210527,0.9777236052888477,0.0026131593068986474,1.0,,,0.038461538461538464,,0.05128205128205128,0.0027397260273972603,0.0016778523489932886,,,,,,,,,,,,,,,,,,,,0.03389830508474576,,,,,,,,,,,,0.02631578947368421,,,,,,,,,,,,,,,,,,
thomasJefferson,12,foundingFather,1,0.0024671052631578946,1.7558748556724915,0.004331928097876212,1.0,,,,,,,,,,,,,,,,,,,,,,,,,,,,,,,,,,,,,0.02843601895734597,,,,,,,,,,,,,,,,,,,,
jamesComey,12,russiaElectionInterference,3,0.0024671052631578946,1.2787536009528289,0.0031548197391928342,1.0,0.03225806451612903,,,,,0.019178082191780823,,,,,,,,,,,,,,,,,,,,,,,,,,,0.021739130434782608,,,,,,,,,,,,,,,,,,,,,,,,
washington post,12,media,8,0.0024671052631578946,0.8527848686805478,0.0021039100378631936,1.0,,,,,,0.0027397260273972603,,,,,,,,,,,,,,,,,,0.05084745762711865,,0.03333333333333333,,,,,,,,,,0.025,0.002369668246445498,,,0.038461538461538464,,,,,,,,,,,0.029411764705882353,,,0.05,,,
constitution,12,judicial,6,0.0024671052631578946,0.9777236052888477,0.002412147052521828,1.0,,,,,,,0.0050335570469798654,0.03076923076923077,,,,,,,,,0.014184397163120567,,,,,,,,,,,,,0.012987012987012988,,,,,,,0.002369668246445498,,,,,,,,,,,0.02040816326530612,,,,,,,,,
senate,11,government,8,0.002261513157894737,0.8527848686805478,0.0019285842013745942,1.0,,,,,0.01282051282051282,,0.003355704697986577,,,,,,0.010638297872340425,,,,0.0035460992907801418,,,,,,0.02,,,,,,,,,,,,,,0.0071090047393364926,0.02,,,,0.010752688172043012,,,,,,,,,,,,,,,
twitter,11,controversy,8,0.002261513157894737,0.8527848686805478,0.0019285842013745942,1.0,,,,,0.01282051282051282,0.00821917808219178,,,,,,0.019230769230769232,,0.037037037037037035,,,,0.018867924528301886,,,,,,,,,,,,,,0.034482758620689655,,,,,,0.02,,,,,,,,,,,,,,,,,,,0.012195121951219513
tariff,11,foreignTrade,3,0.002261513157894737,1.2787536009528289,0.0028919180942600983,1.0,,,,,,0.0027397260273972603,,,,,,,,,0.009900990099009901,,,,,,,,,,,,,,,,,,,,,,,,,,,,,,,,,,,,,,0.08108108108108109,,,,
stephenReinhardt,11,judicial,1,0.002261513157894737,1.7558748556724915,0.0039709340897198615,1.0,,,,,,,,,,,,,,,,,,,,,,,,,,,,,,0.14285714285714285,,,,,,,,,,,,,,,,,,,,,,,,,,,
prosecutor,11,judicial,4,0.002261513157894737,1.153814864344529,0.002609367497489683,1.0,,,,,,,,,,,,,0.07446808510638298,,,,,,,0.019230769230769232,,,,,,,,,,,,,,,,,0.002369668246445498,,,,,,0.009523809523809525,,,,,,,,,,,,,,
facebook,11,privacy,3,0.002261513157894737,1.2787536009528289,0.0028919180942600983,1.0,,,,,,,,,,,,,,,,,,,,,,,,,,,,,0.09230769230769231,,,,,,,,0.009478672985781991,,,,,,,,,,,,,,,,0.009009009009009009,,,,
amendment,11,judicial,3,0.002261513157894737,1.2787536009528289,0.0028919180942600983,1.0,,,,,,,0.01174496644295302,,,,,,,,,,0.0035460992907801418,,,,,,,,,,,,,,,,,,,,0.0071090047393364926,,,,,,,,,,,,,,,,,,,,
amazon,11,economy,3,0.002261513157894737,1.2787536009528289,0.0028919180942600983,1.0,,,,,,,0.01174496644295302,,,,,,,,,,,0.05660377358490566,,,,,,,,,,,,,,,,,,,,,,,,,,,,,,,,,,,0.009009009009009009,,,,
migrant,11,immigration,4,0.002261513157894737,1.153814864344529,0.002609367497489683,1.0,,,,,,,0.0016778523489932886,,,,,,,,,,,,,,,,,,,,,,,,,,,,,,,,,,,,,0.06896551724137931,,,,,,,,0.021739130434782608,,,,,0.024390243902439025
johnHuber,10,fbiMisconduct,3,0.002055921052631579,1.2787536009528289,0.002629016449327362,1.0,,,,,,,,,,,,,0.0851063829787234,,,,,,,,,,,,,,,,,,,,,,,,0.002369668246445498,,,,,,0.009523809523809525,,,,,,,,,,,,,,
soldier,10,war,2,0.002055921052631579,1.4548448600085102,0.002991046176004338,1.0,,,,,,,,,,,,,,,0.009900990099009901,,,,,,,,,,,,,,,,,,,,0.10112359550561797,,,,,,,,,,,,,,,,,,,,,,
kimJongUn,10,foreignLeader,7,0.002055921052631579,0.9107768156582345,0.001872485229560515,1.0,,,,,,0.0027397260273972603,0.0016778523489932886,,,,,,,,0.009900990099009901,,,,,,,,,,,,,,,,,0.10344827586206896,,,,,0.002369668246445498,,,,,,,,,0.03076923076923077,0.016129032258064516,,,,,,,,,,
inspector general,10,judicial,6,0.002055921052631579,0.9777236052888477,0.0020101225437681902,1.0,,,,,,,0.0016778523489932886,,,0.020618556701030927,,,0.02127659574468085,,,,,,,,,,,,,,0.01694915254237288,,,,,,0.021739130434782608,,,,,,,,,,0.02857142857142857,,,,,,,,,,,,,,
voter,10,government,6,0.002055921052631579,0.9777236052888477,0.0020101225437681902,1.0,,,,,,,0.0016778523489932886,,,,,,,,,,0.0035460992907801418,,,,,,,,,,,,0.046153846153846156,,,,,,,,0.002369668246445498,,,,,,,,,,,0.061224489795918366,,,,,,,0.0136986301369863,,
investigator,10,russiaElectionInterference,4,0.002055921052631579,1.153814864344529,0.0023721522704451665,1.0,0.056451612903225805,,,,,,,,,,,,,,,,,,,,,,,,,,,,,,,,0.021739130434782608,,,,0.002369668246445498,,,,,,0.009523809523809525,,,,,,,,,,,,,,
doj,9,judicial,3,0.001850328947368421,1.2787536009528289,0.0023661148043946255,1.0,,,,,,,0.003355704697986577,,,0.05154639175257732,,,0.02127659574468085,,,,,,,,,,,,,,,,,,,,,,,,,,,,,,,,,,,,,,,,,,,,
stormyDaniels,9,controversy,2,0.001850328947368421,1.4548448600085102,0.0026919415584039045,1.0,,,,,,,,,,,,,,,,,0.0035460992907801418,,,,,,,,,,,,,,,,,,,,,,,,,,,,,,,,,,,,,,,0.19047619047619047,
trade,9,foreignTrade,3,0.001850328947368421,1.2787536009528289,0.0023661148043946255,1.0,,,,,,,0.0016778523489932886,,,,,,,,0.0297029702970297,,,,,,,,,,,,,,,,,,,,,,,,,,,,,,,,,,,,,,0.04504504504504504,,,,
lindseyGraham,9,republican,4,0.001850328947368421,1.153814864344529,0.0021349370434006498,1.0,,,0.009615384615384616,,,,,,,,,,,,,,,,,,,,,,,,,,,,,,,,,,0.002369668246445498,,,,,,,,,0.07692307692307693,,,,,,,0.018018018018018018,,,,
california,9,unitedStates,6,0.001850328947368421,0.9777236052888477,0.0018091102893913712,1.0,,,,,,,0.0016778523489932886,,,,,,,,0.009900990099009901,,,,,,,,,,,,,,,0.025974025974025976,0.02631578947368421,,,,,,,,,,,,,,0.058823529411764705,,,,,,,,,,,,0.012195121951219513
harryReid,8,democrat,1,0.001644736842105263,1.7558748556724915,0.0028879520652508083,1.0,0.06451612903225806,,,,,,,,,,,,,,,,,,,,,,,,,,,,,,,,,,,,,,,,,,,,,,,,,,,,,,,,
anthonyScaramucci,8,trumpStaff,1,0.001644736842105263,1.7558748556724915,0.0028879520652508083,1.0,,,,,,0.021917808219178082,,,,,,,,,,,,,,,,,,,,,,,,,,,,,,,,,,,,,,,,,,,,,,,,,,,
paulManafort,8,russiaElectionInterference,2,0.001644736842105263,1.4548448600085102,0.0023928369408034705,1.0,,,,,,,0.010067114093959731,,0.05405405405405406,,,,,,,,,,,,,,,,,,,,,,,,,,,,,,,,,,,,,,,,,,,,,,,,
controversy,8,controversy,8,0.001644736842105263,0.8527848686805478,0.0014026066919087957,1.0,,,0.009615384615384616,,,,0.0016778523489932886,,,,,,,,,,,0.018867924528301886,0.03571428571428571,,,,,,,,,,0.015384615384615385,,,,0.021739130434782608,0.014492753623188406,,,0.002369668246445498,,,,,,,,,,,,,,,,,,,,
iran,8,middleEast,1,0.001644736842105263,1.7558748556724915,0.0028879520652508083,1.0,,,,0.16,,,,,,,,,,,,,,,,,,,,,,,,,,,,,,,,,,,,,,,,,,,,,,,,,,,,,
administration official,8,trumpStaff,3,0.001644736842105263,1.2787536009528289,0.0021032131594618895,1.0,,,,,,,,,,,,,,,,,0.010638297872340425,,,,,0.09090909090909091,,,,,,,,,,,,,,,,,,,,,,,,,,,,,,0.021739130434782608,,,,,
army,8,war,2,0.001644736842105263,1.4548448600085102,0.0023928369408034705,1.0,,,,,,,,,,,,,,,,,,,,,,,,,,,,,,,,,,,0.07865168539325842,,,,,,,0.010752688172043012,,,,,,,,,,,,,,,
doctor,8,healthcare,6,0.001644736842105263,0.9777236052888477,0.001608098035014552,1.0,,,0.019230769230769232,,0.01282051282051282,,,,,,,,,0.037037037037037035,,,0.0035460992907801418,,,,,,,,,,0.01694915254237288,,,0.012987012987012988,,,,,,,,,,,,,,,,,,,,,,,,,,,
rexTillerson,8,trumpStaff,3,0.001644736842105263,1.2787536009528289,0.0021032131594618895,1.0,,,0.009615384615384616,,,0.0136986301369863,,,,,,,,,,,,,,,,,,,,,,,,,,,,,,,,,,,,,,,,,0.03225806451612903,,,,,,,,,,
plaintiff,7,judicial,3,0.0014391447368421052,1.2787536009528289,0.0018403115145291533,1.0,,,,,,,,0.015384615384615385,,,,,,,,,,,,,,,,,,,,0.01694915254237288,,,,,,,,,,,,,,,,,,,,0.10204081632653061,,,,,,,,,
texas,7,unitedStates,3,0.0014391447368421052,1.2787536009528289,0.0018403115145291533,1.0,,,,,,,,,,,,,,,,,,,,,,,,,,,,,,,,,,,,,0.002369668246445498,,,,,,,,,,,0.10204081632653061,,,,0.010869565217391304,,,,,
europeanUnion,7,europeanUnion,6,0.0014391447368421052,0.9777236052888477,0.001407085780637733,1.0,,,0.009615384615384616,0.02,,,,,,,0.030303030303030304,,,0.018518518518518517,,,,,,,,0.06060606060606061,,,,,0.01694915254237288,,,,,,,,,,,,,,,,,,,,,,,,,,,,,,
business,7,economy,6,0.0014391447368421052,0.9777236052888477,0.001407085780637733,1.0,,,,,0.01282051282051282,,0.0016778523489932886,0.03076923076923077,,,,,,,,,,0.018867924528301886,,,,,,,,,,,,,,,,,,,,0.02,,,,,,,,,,,,,,,0.009009009009009009,,,,
sarahHuckabeeSanders,7,trumpStaff,5,0.0014391447368421052,1.0569048513364727,0.0015210390541437724,1.0,,,,,,0.00821917808219178,0.0016778523489932886,,0.02702702702702703,,,0.019230769230769232,,,,,,,,,,,,,,,,,,,,,,,,,,,,,,,,,,,,,,,,,,,,,0.012195121951219513
extremeRight,7,extremeRight,4,0.0014391447368421052,1.153814864344529,0.0016605065893116164,1.0,,,,,,,0.0050335570469798654,,,,,,,,,,,0.03773584905660377,,,,,,,,,,,,,0.02631578947368421,,,,,,0.002369668246445498,,,,,,,,,,,,,,,,,,,,
white house official,7,trumpStaff,3,0.0014391447368421052,1.2787536009528289,0.0018403115145291533,1.0,,,,,,0.0136986301369863,,,,,,,,,,,0.0035460992907801418,,,,,,,,,,,,,,,,,,,,,,,,,,,,,,,,,,,,,,,,0.012195121951219513
reelection,7,election,4,0.0014391447368421052,1.153814864344529,0.0016605065893116164,1.0,,,,,,,0.0016778523489932886,,,,,,,,,,0.0070921985815602835,,,,0.025,,,,,,,,,,,,,,,,0.0071090047393364926,,,,,,,,,,,,,,,,,,,,
drug,7,violenceCrime,4,0.0014391447368421052,1.153814864344529,0.0016605065893116164,1.0,,0.02857142857142857,,,,,,,,,,,,,,,,,,,,,,,,,,,,,,,,,,,,,,,,,,0.011494252873563218,,,,,,,,0.03260869565217391,,,,,0.024390243902439025
johnDowd,7,trumpStaff,3,0.0014391447368421052,1.2787536009528289,0.0018403115145291533,1.0,,,,,,,0.003355704697986577,,0.08108108108108109,,,,,,,,,,,,,,,,,,,,,,,,,,,,,,,,,,,,,,,,,,,,,0.05,,,
military,7,war,4,0.0014391447368421052,1.153814864344529,0.0016605065893116164,1.0,,,,,,,,,,,,,,,,,,,,,,,,,,,,,,,,,,,0.02247191011235955,,,,,,,0.03225806451612903,,,,,,,,,,0.010869565217391304,,,,,0.012195121951219513
pennsylvania,7,unitedStates,4,0.0014391447368421052,1.153814864344529,0.0016605065893116164,1.0,,,,,0.01282051282051282,,0.0016778523489932886,,,,,,,,,,0.014184397163120567,,,,,,,,,,,,,,,,,,,,,,,,,,,,,,,,,,,,0.009009009009009009,,,,
world,7,internationalPolitics,6,0.0014391447368421052,0.9777236052888477,0.001407085780637733,1.0,,,,,,,,,,,,,,,,,,,,,0.025,0.030303030303030304,,,,,,,,,,0.034482758620689655,,,,,0.004739336492890996,,,,,,,,,0.015384615384615385,0.016129032258064516,,,,,,,,,,
new york,7,unitedStates,6,0.0014391447368421052,0.9777236052888477,0.001407085780637733,1.0,,,,,0.01282051282051282,0.005479452054794521,,0.015384615384615385,,,,,,,,,0.0035460992907801418,,,,,,,,,,,0.01694915254237288,,0.012987012987012988,,,,,,,,,,,,,,,,,,,,,,,,,,,
hopeHicks,7,trumpStaff,2,0.0014391447368421052,1.4548448600085102,0.002093732323203037,1.0,,,,,,0.01643835616438356,,,,,,0.019230769230769232,,,,,,,,,,,,,,,,,,,,,,,,,,,,,,,,,,,,,,,,,,,,,
teacher,7,education,1,0.0014391447368421052,1.7558748556724915,0.0025269580570944574,1.0,,,,,,,,,,,,,,,,,,,,,,,0.14,,,,,,,,,,,,,,,,,,,,,,,,,,,,,,,,,,
oliviaNuzz,7,controversy,1,0.0014391447368421052,1.7558748556724915,0.0025269580570944574,1.0,,,,,,,,,,,,0.1346153846153846,,,,,,,,,,,,,,,,,,,,,,,,,,,,,,,,,,,,,,,,,,,,,
nicholasGaraufis,7,judicial,1,0.0014391447368421052,1.7558748556724915,0.0025269580570944574,1.0,,,,,,,,,,,,,,,,,,,,,,,,,,,,0.11864406779661017,,,,,,,,,,,,,,,,,,,,,,,,,,,,,
tonyBaker,6,controversy,4,0.0012335526315789473,1.153814864344529,0.0014232913622670997,1.0,,,,,,,,,,,,,,,,,,,,,,,,0.03389830508474576,,,,,,,,,,,,0.025,0.002369668246445498,,,0.038461538461538464,,,,,,,,,,,,,,,,,
physician,6,healthcare,5,0.0012335526315789473,1.0569048513364727,0.001303747760694662,1.0,,,0.019230769230769232,,,0.0027397260273972603,0.0016778523489932886,,,,,,,0.018518518518518517,,,,,,,,,,,,,,,,,,,,0.014492753623188406,,,,,,,,,,,,,,,,,,,,,,,
intelligence,6,intelligence,5,0.0012335526315789473,1.0569048513364727,0.001303747760694662,1.0,,,,,,,0.0016778523489932886,,,,,,,,,,,0.018867924528301886,,,,0.06060606060606061,,,,,,,,,,,,,,,,0.02,,,,,,,,,,,,,,0.010869565217391304,,,,,
borderPatrol,6,immigration,3,0.0012335526315789473,1.2787536009528289,0.0015774098695964171,1.0,,0.02857142857142857,,,,,,,,,,,,,,,,,,,,,,,,,,,,,0.02631578947368421,,,,,,,,,,,,,,,,,,,,,0.043478260869565216,,,,,
obamaAdministration,6,formerPresident,4,0.0012335526315789473,1.153814864344529,0.0014232913622670997,1.0,0.024193548387096774,,,,0.01282051282051282,0.0027397260273972603,,0.015384615384615385,,,,,,,,,,,,,,,,,,,,,,,,,,,,,,,,,,,,,,,,,,,,,,,,,
lawEnforcement,6,lawEnforcement,3,0.0012335526315789473,1.2787536009528289,0.0015774098695964171,1.0,,,,,,,0.0016778523489932886,,,,,,,,,,,,,,,,,,,,,,,,,,,,,,,,,,,,,,,,,,,,,0.043478260869565216,,,,,0.012195121951219513
michaelCohen,6,trumpStaff,2,0.0012335526315789473,1.4548448600085102,0.0017946277056026028,1.0,,,,,,,,,,,,,,,,,0.0035460992907801418,,,,,,,,,,,,,,,,,,,,,,,,,,,,,,,,,,,,,,,0.11904761904761904,
coreyLewandowski,6,trumpStaff,1,0.0012335526315789473,1.7558748556724915,0.002165964048938106,1.0,,,,,,,,,,,,0.11538461538461539,,,,,,,,,,,,,,,,,,,,,,,,,,,,,,,,,,,,,,,,,,,,,
harassment,6,civilRights,3,0.0012335526315789473,1.2787536009528289,0.0015774098695964171,1.0,,,,,,,,,,,,,,,,,,,,,,,,0.01694915254237288,,,,,,,,,,,,0.075,,,,0.038461538461538464,,,,,,,,,,,,,,,,,
bobNonini,6,republican,1,0.0012335526315789473,1.7558748556724915,0.002165964048938106,1.0,,,,,,,,,,,,,,,,,,,,,,,,,,,,,,,,,,,,,,,,,,,,,,,,,,0.10714285714285714,,,,,,,
tax,6,economy,4,0.0012335526315789473,1.153814864344529,0.0014232913622670997,1.0,,,,,,,0.0050335570469798654,,,,,,,,,,,0.018867924528301886,,,,,,,,,,,,,,,,,,,0.002369668246445498,,,,,,,,,,,,,,,,0.009009009009009009,,,,
god,6,religion,3,0.0012335526315789473,1.2787536009528289,0.0015774098695964171,1.0,,,,,,,,,,,,,,,,,0.0070921985815602835,,,,,,,,,,,,,0.012987012987012988,,,,,,,0.0071090047393364926,,,,,,,,,,,,,,,,,,,,
supplmentalNutritionAssistanceProgram,6,governmentProgram,1,0.0012335526315789473,1.7558748556724915,0.002165964048938106,1.0,,,,,,,,,,,,,,,,0.20689655172413793,,,,,,,,,,,,,,,,,,,,,,,,,,,,,,,,,,,,,,,,,
dianneFienstein,6,democrat,1,0.0012335526315789473,1.7558748556724915,0.002165964048938106,1.0,,,,,,,,,,,,,,,,,,,,,,,,,,,,,,,,,,,,,0.014218009478672985,,,,,,,,,,,,,,,,,,,,
economy,6,economy,4,0.0012335526315789473,1.153814864344529,0.0014232913622670997,1.0,,,,,,0.0027397260273972603,0.003355704697986577,,,,,,,,0.009900990099009901,,,,,,,,,,,,,,,,,,,,,,,,,,,,,,,,,,,,,,0.018018018018018018,,,,
nafta,6,foreignTrade,2,0.0012335526315789473,1.4548448600085102,0.0017946277056026028,1.0,,,,,,,,,,,,,,,,,,,,,,,,,,,,,,,,,,,,,,,,,,,,0.022988505747126436,,,,,,,,,,,,,0.04878048780487805
infrastructure,6,governmentProgram,3,0.0012335526315789473,1.2787536009528289,0.0015774098695964171,1.0,,,,,,,,,,,,,,,0.019801980198019802,,0.010638297872340425,,,,,,,,,,,,,,0.02631578947368421,,,,,,,,,,,,,,,,,,,,,,,,,,
beijing,6,china,3,0.0012335526315789473,1.2787536009528289,0.0015774098695964171,1.0,,,,,,,,,,,,,,,,,,,,,,,,,,,,,,,,,,,,,0.002369668246445498,,,,,,,,,,0.03225806451612903,,,,,,0.02702702702702703,,,,
clinton email investigation,6,clintonScandal,5,0.0012335526315789473,1.0569048513364727,0.001303747760694662,1.0,,,,,,,,,,0.010309278350515464,,,,,,,,,0.03571428571428571,,,,,,,,,,,,,,0.021739130434782608,0.014492753623188406,,,,,,,,,0.01904761904761905,,,,,,,,,,,,,,
data,6,privacy,2,0.0012335526315789473,1.4548448600085102,0.0017946277056026028,1.0,,,,,,,,,,,,,,,,0.06896551724137931,,,,,,,,,,,,,0.06153846153846154,,,,,,,,,,,,,,,,,,,,,,,,,,,,
peterStrzok,6,lawEnforcement,1,0.0012335526315789473,1.7558748556724915,0.002165964048938106,1.0,0.04838709677419355,,,,,,,,,,,,,,,,,,,,,,,,,,,,,,,,,,,,,,,,,,,,,,,,,,,,,,,,
sebastianGorka,5,intelligence,1,0.0010279605263157894,1.7558748556724915,0.001804970040781755,1.0,,,,,,0.0136986301369863,,,,,,,,,,,,,,,,,,,,,,,,,,,,,,,,,,,,,,,,,,,,,,,,,,,
southKorea,5,northSouthKorea,3,0.0010279605263157894,1.2787536009528289,0.001314508224663681,1.0,,,,,,,0.0016778523489932886,,,,,,,,0.0297029702970297,,,,,,,,,,,,,,,,,,,,,,,,,,,,,,,,0.016129032258064516,,,,,,,,,,
jesus,5,religion,1,0.0010279605263157894,1.7558748556724915,0.001804970040781755,1.0,,,,,,,,,,,,,,,,,,,,,,,,,,,,,,,,,,,,,0.011848341232227487,,,,,,,,,,,,,,,,,,,,
paulRyan,5,republican,2,0.0010279605263157894,1.4548448600085102,0.001495523088002169,1.0,,,,,,,,,,,,,,,,,0.0035460992907801418,,,,,,,,,,,,,,,,,,,,0.009478672985781991,,,,,,,,,,,,,,,,,,,,
chrisCoons,5,democrat,2,0.0010279605263157894,1.4548448600085102,0.001495523088002169,1.0,,,,,,,0.0050335570469798654,,,,,,,,,,,,,,,,,,,,,,,,,,,,,,,0.04,,,,,,,,,,,,,,,,,,,
secondamendment,5,guns,3,0.0010279605263157894,1.2787536009528289,0.001314508224663681,1.0,,,,,,,0.003355704697986577,,,,,,,,,,0.0070921985815602835,,,,,,,,,,,,,,,,,,,,,,,,,,,,,,,,,,,,,,0.0136986301369863,,
integrity,5,ethics,4,0.0010279605263157894,1.153814864344529,0.0011860761352225832,1.0,,,,,,0.0027397260273972603,,,,0.010309278350515464,,,0.02127659574468085,,,,,0.018867924528301886,,,,,,,,,,,,,,,,,,,,,,,,,,,,,,,,,,,,,,,
rickGates,5,russiaElectionInterference,2,0.0010279605263157894,1.4548448600085102,0.001495523088002169,1.0,,,,,,,0.0050335570469798654,,,,,,,,,,,,,,,,,,,,,,,,,,,,,,,0.04,,,,,,,,,,,,,,,,,,,
abc news,5,media,3,0.0010279605263157894,1.2787536009528289,0.001314508224663681,1.0,,,,,0.01282051282051282,,,,,,,,,,,,,,,,,,,,,,,,,,,,,0.028985507246376812,,,,,,,0.08695652173913043,,,,,,,,,,,,,,,,
ambassador,5,internationalPolitics,4,0.0010279605263157894,1.153814864344529,0.0011860761352225832,1.0,,,,,,0.0027397260273972603,,,0.02702702702702703,,,,,,,,,,,,,,,,,,,,,,,,,0.014492753623188406,,,0.004739336492890996,,,,,,,,,,,,,,,,,,,,
officeOfInspectorGeneral,5,government,3,0.0010279605263157894,1.2787536009528289,0.001314508224663681,1.0,,,,,,,0.0016778523489932886,,,0.030927835051546393,,,0.010638297872340425,,,,,,,,,,,,,,,,,,,,,,,,,,,,,,,,,,,,,,,,,,,,
houseIntelligenceCommittee,5,intelligence,4,0.0010279605263157894,1.153814864344529,0.0011860761352225832,1.0,,,,,,,,,,0.010309278350515464,,,,,,,0.0035460992907801418,,,,,,,,,,,,,,,,,,,,,0.04,,,,,0.009523809523809525,,,,,,,,,,,,,,
maryland,5,unitedStates,2,0.0010279605263157894,1.4548448600085102,0.001495523088002169,1.0,,,,,,,0.0016778523489932886,0.06153846153846154,,,,,,,,,,,,,,,,,,,,,,,,,,,,,,,,,,,,,,,,,,,,,,,,,
susanRice,5,controversy,1,0.0010279605263157894,1.7558748556724915,0.001804970040781755,1.0,,,,,,,,,,,,,,,,,,0.09433962264150944,,,,,,,,,,,,,,,,,,,,,,,,,,,,,,,,,,,,,,,
jimJordan,5,republican,1,0.0010279605263157894,1.7558748556724915,0.001804970040781755,1.0,,,,,,,,,,,,,,,,,,,,,,,,,,,,,,,,,0.10869565217391304,,,,,,,,,,,,,,,,,,,,,,,,
HRMcmaster,5,trumpStaff,1,0.0010279605263157894,1.7558748556724915,0.001804970040781755,1.0,,,,,,0.0136986301369863,,,,,,,,,,,,,,,,,,,,,,,,,,,,,,,,,,,,,,,,,,,,,,,,,,,
rodRosenstein,5,judicial,4,0.0010279605263157894,1.153814864344529,0.0011860761352225832,1.0,,,,,,,,,,0.010309278350515464,,,0.010638297872340425,,,,,,,,,,,,,,,,,,,,,,,,,,,,,,,,,,,,,,0.058823529411764705,,,0.025,,,
census,5,immigration,2,0.0010279605263157894,1.4548448600085102,0.001495523088002169,1.0,,,,,,,0.0016778523489932886,,,,,,,,,,,,,,,,,,,,,,,,,,,,,,,,,,,,,,0.0784313725490196,,,,,,,,,,,,
gun,5,guns,3,0.0010279605263157894,1.2787536009528289,0.001314508224663681,1.0,,,,,,,0.0050335570469798654,,,,,,,,,,,,,,,,,,,,,,,,,,,,0.011235955056179775,,,,,,,,,,,,,,0.02040816326530612,,,,,,,,
pardon,5,judicial,2,0.0010279605263157894,1.4548448600085102,0.001495523088002169,1.0,,,,,,,0.003355704697986577,,0.08108108108108109,,,,,,,,,,,,,,,,,,,,,,,,,,,,,,,,,,,,,,,,,,,,,,,,
deathPenalty,5,lawEnforcement,1,0.0010279605263157894,1.7558748556724915,0.001804970040781755,1.0,,,,,,,,,,,,,,,,,,,,,,,,,,,,,,,,,,,,,,,,,,,,,,,,,,0.08928571428571429,,,,,,,
donation,5,election,4,0.0010279605263157894,1.153814864344529,0.0011860761352225832,1.0,,,,,,,0.0016778523489932886,,,,,,,,,,,,,,,,,,,,,,,0.012987012987012988,,,,0.028985507246376812,,,0.002369668246445498,,,,,,,,,,,,,,,,,,,,
student,5,education,4,0.0010279605263157894,1.153814864344529,0.0011860761352225832,1.0,,,,,,,,,,,,,,,0.009900990099009901,,,,,,,,,,,0.06666666666666667,,,,,,,,,,,0.002369668246445498,,,,,,,,,,,,,,,,,,0.0136986301369863,,
probe,5,russiaElectionInterference,4,0.0010279605263157894,1.153814864344529,0.0011860761352225832,1.0,,,,,,,0.0016778523489932886,,,,,,,,,,,,,0.009615384615384616,,,,,,,,,,,,,,,,,,,,,,,0.009523809523809525,,,,,,,,0.058823529411764705,,,,,,
embassy,5,internationalPolitics,3,0.0010279605263157894,1.2787536009528289,0.001314508224663681,1.0,,,,,,,,,,,,,,,,,,,,,,0.06060606060606061,,,,,,,,,,,,,,,0.002369668246445498,,,,,,,,,,,,,,,,0.018018018018018018,,,,
xiYueWang,5,middleEast,1,0.0010279605263157894,1.7558748556724915,0.001804970040781755,1.0,,,,0.1,,,,,,,,,,,,,,,,,,,,,,,,,,,,,,,,,,,,,,,,,,,,,,,,,,,,,
diplomat,5,internationalPolitics,3,0.0010279605263157894,1.2787536009528289,0.001314508224663681,1.0,,,,,,0.0027397260273972603,,,,,,,,,,,,,,,,0.06060606060606061,,,,,,,,,,,,,,,,,,,,,,,,0.03076923076923077,,,,,,,,,,,
cambridgeAnalytica,4,russiaElectionInterference,2,0.0008223684210526315,1.4548448600085102,0.0011964184704017352,1.0,,,,,,,,,,,,,,,,,,,,,,,,,,,,,0.046153846153846156,,,,,,,,0.002369668246445498,,,,,,,,,,,,,,,,,,,,
budget,4,economy,3,0.0008223684210526315,1.2787536009528289,0.0010516065797309447,1.0,,,,,,,,,,,,,,,,,0.0070921985815602835,,,,,,,,,,,,,,,,,,0.011235955056179775,,,,,,,,,,,,0.016129032258064516,,,,,,,,,,
nancyPelosi,4,democrat,1,0.0008223684210526315,1.7558748556724915,0.0014439760326254041,1.0,,,,,,,0.006711409395973154,,,,,,,,,,,,,,,,,,,,,,,,,,,,,,,,,,,,,,,,,,,,,,,,,,
foreignIntelligenceSurveillanceCourt,4,fbiMisconduct,3,0.0008223684210526315,1.2787536009528289,0.0010516065797309447,1.0,,,,,,,0.0016778523489932886,,,0.020618556701030927,,,0.010638297872340425,,,,,,,,,,,,,,,,,,,,,,,,,,,,,,,,,,,,,,,,,,,,
ronaldVitiello,4,immigration,1,0.0008223684210526315,1.7558748556724915,0.0014439760326254041,1.0,,,,,,,,,,,,,,,,,,,,,,,,,,,,,,,0.10526315789473684,,,,,,,,,,,,,,,,,,,,,,,,,,
pac,4,election,2,0.0008223684210526315,1.4548448600085102,0.0011964184704017352,1.0,,,,,,0.0027397260273972603,0.0050335570469798654,,,,,,,,,,,,,,,,,,,,,,,,,,,,,,,,,,,,,,,,,,,,,,,,,,
us army,4,war,3,0.0008223684210526315,1.2787536009528289,0.0010516065797309447,1.0,,,,,,0.0027397260273972603,,,,,,,,,,,,,,,,,,,,,,,,,,,,0.014492753623188406,,,,,,,,,,,,,,,,,,0.021739130434782608,,,,,
newyorktimes,4,media,3,0.0008223684210526315,1.2787536009528289,0.0010516065797309447,1.0,0.016129032258064516,,,,,,,,0.02702702702702703,,,,,,,,,,,,,,,,,,0.01694915254237288,,,,,,,,,,,,,,,,,,,,,,,,,,,,,,
huaQu,4,middleEast,1,0.0008223684210526315,1.7558748556724915,0.0014439760326254041,1.0,,,,0.08,,,,,,,,,,,,,,,,,,,,,,,,,,,,,,,,,,,,,,,,,,,,,,,,,,,,,
school,4,education,3,0.0008223684210526315,1.2787536009528289,0.0010516065797309447,1.0,,,,,,,,,,,,,,,0.019801980198019802,,,,,,,,,,,0.03333333333333333,,,,,,,,,,,,,,,,0.010752688172043012,,,,,,,,,,,,,,,
johnRoberts,4,judicial,4,0.0008223684210526315,1.153814864344529,0.0009488609081780665,1.0,,,,,,0.0027397260273972603,0.0016778523489932886,,,,,,,,,,,,,,,,,,,,,,,,,,,,,,,,,,,0.010752688172043012,,,,,,,,,,,,,,,0.012195121951219513
capitol hill,4,government,3,0.0008223684210526315,1.2787536009528289,0.0010516065797309447,1.0,0.016129032258064516,,,,,,0.0016778523489932886,,,0.010309278350515464,,,,,,,,,,,,,,,,,,,,,,,,,,,,,,,,,,,,,,,,,,,,,,,
attorney general,4,judicial,2,0.0008223684210526315,1.4548448600085102,0.0011964184704017352,1.0,,,,,,0.005479452054794521,,,,,,,0.02127659574468085,,,,,,,,,,,,,,,,,,,,,,,,,,,,,,,,,,,,,,,,,,,,
dollar,4,economy,3,0.0008223684210526315,1.2787536009528289,0.0010516065797309447,1.0,,,,,,,,,,,,,,,0.019801980198019802,,,,,0.009615384615384616,,,,,,,,,,,,,,,,,,,,,,,,,0.0196078431372549,,,,,,,,,,,,
supreme court,4,judicial,2,0.0008223684210526315,1.4548448600085102,0.0011964184704017352,1.0,,,,,,,0.0050335570469798654,,,,,,,,,,,,,,,,,,,,,,,,,,,,,,,,,,,0.010752688172043012,,,,,,,,,,,,,,,
jamesMattis,4,trumpStaff,3,0.0008223684210526315,1.2787536009528289,0.0010516065797309447,1.0,,,,,,,,,,,,,,,,,0.0035460992907801418,,,,,,,,,,,,,,,,,,,,,,,,,,,,,,,,,,,0.010869565217391304,,,,,0.024390243902439025
syria,4,middleEast,2,0.0008223684210526315,1.4548448600085102,0.0011964184704017352,1.0,,,,,,,,,,,,,,,0.009900990099009901,,,,,,,,,,,,,,,,,,,,,,,,,,,,,,,0.046153846153846156,,,,,,,,,,,
terrorism,4,terrorism,3,0.0008223684210526315,1.2787536009528289,0.0010516065797309447,1.0,,,,,,,,,,,,,,,,,,,,,,,,,0.08333333333333333,,,,,,,,,,0.011235955056179775,,,,,,,,,,,0.015384615384615385,,,,,,,,,,,
scottWalker,4,republican,1,0.0008223684210526315,1.7558748556724915,0.0014439760326254041,1.0,,,,,,,0.006711409395973154,,,,,,,,,,,,,,,,,,,,,,,,,,,,,,,,,,,,,,,,,,,,,,,,,,
christopherWray,4,trumpStaff,2,0.0008223684210526315,1.4548448600085102,0.0011964184704017352,1.0,,,,,,,0.0050335570469798654,,,,,,,,,,,,,,,,,,,,,,,,,,,,,,,,,,,,0.009523809523809525,,,,,,,,,,,,,,
collusion,4,russiaElectionInterference,3,0.0008223684210526315,1.2787536009528289,0.0010516065797309447,1.0,0.016129032258064516,,,,,,,,0.02702702702702703,,,,,,,,,,,,,,,,,,,,,,,,,,,,,0.02,,,,,,,,,,,,,,,,,,,
sallyYates,4,trumpStaff,2,0.0008223684210526315,1.4548448600085102,0.0011964184704017352,1.0,,,,,,0.005479452054794521,,,,,,,,,,,,,,,,,,,,,,,,,,,,,,,,,,,,,,,,,,,,0.03571428571428571,,,,,,,
johnBrennan,4,russiaElectionInterference,2,0.0008223684210526315,1.4548448600085102,0.0011964184704017352,1.0,0.016129032258064516,,,,,,,,,,,,,0.037037037037037035,,,,,,,,,,,,,,,,,,,,,,,,,,,,,,,,,,,,,,,,,,,
pentagon,4,war,2,0.0008223684210526315,1.4548448600085102,0.0011964184704017352,1.0,,,,,,,,,,,,,,,,,,,,,,,,,,,,,,,,,,,,,,,,,,0.010752688172043012,,,,,,,,,,,,,,,0.036585365853658534
garyCohn,4,trumpStaff,1,0.0008223684210526315,1.7558748556724915,0.0014439760326254041,1.0,,,,,,0.010958904109589041,,,,,,,,,,,,,,,,,,,,,,,,,,,,,,,,,,,,,,,,,,,,,,,,,,,
fox news sunday,4,media,3,0.0008223684210526315,1.2787536009528289,0.0010516065797309447,1.0,,,,,,,,,,,,,,,,,,,,,,,,,,,,,,,,,,,,,,,,,,,0.009523809523809525,,0.0392156862745098,0.015384615384615385,,,,,,,,,,,
vote,4,election,2,0.0008223684210526315,1.4548448600085102,0.0011964184704017352,1.0,,,,,,,0.0050335570469798654,,,,,,,,,,,,,,,,0.02,,,,,,,,,,,,,,,,,,,,,,,,,,,,,,,,,,
brandonJudd,4,immigration,1,0.0008223684210526315,1.7558748556724915,0.0014439760326254041,1.0,,,,,,,,,,,,,,,,,,,,,,,,,,,,,,,,,,,,,,,,,,,,0.04597701149425287,,,,,,,,,,,,,
islamicState,4,terrorism,2,0.0008223684210526315,1.4548448600085102,0.0011964184704017352,1.0,,,,,,,,,,,,,,,0.009900990099009901,,,,,,,,,,,,,,,,,,,,,,,,,,,,,,,0.046153846153846156,,,,,,,,,,,
prosecution,4,judicial,2,0.0008223684210526315,1.4548448600085102,0.0011964184704017352,1.0,,,,,,,,,,,,,,,,,,,,,,,,,,,,,,,,,,0.014492753623188406,,,,,,,,,,,,,,,,0.05357142857142857,,,,,,,
michaelAvenatti,4,controversy,1,0.0008223684210526315,1.7558748556724915,0.0014439760326254041,1.0,,,,,,,,,,,,,,,,,,,,,,,,,,,,,,,,,,,,,,,,,,,,,,,,,,,,,,,,0.09523809523809523,
republicanNationalConvention,4,election,2,0.0008223684210526315,1.4548448600085102,0.0011964184704017352,1.0,,,,,,,0.0016778523489932886,,,,,,,,,,,,,,,,,,,,,,,,,,,,,,0.0071090047393364926,,,,,,,,,,,,,,,,,,,,
waymo,4,economy,1,0.0008223684210526315,1.7558748556724915,0.0014439760326254041,1.0,,,,,,,,,,,,,,,,,0.014184397163120567,,,,,,,,,,,,,,,,,,,,,,,,,,,,,,,,,,,,,,,,
emolument clause,3,judicial,1,0.0006167763157894736,1.7558748556724915,0.001082982024469053,1.0,,,,,,,,0.046153846153846156,,,,,,,,,,,,,,,,,,,,,,,,,,,,,,,,,,,,,,,,,,,,,,,,,
spending bill,3,governmentProgram,2,0.0006167763157894736,1.4548448600085102,0.0008973138528013014,1.0,,,,,,,,,,,,,,,,,0.0070921985815602835,,,,,,,,,,,,,,0.02631578947368421,,,,,,,,,,,,,,,,,,,,,,,,,,
manufacturer,3,economy,1,0.0006167763157894736,1.7558748556724915,0.001082982024469053,1.0,,,,,,,,,,,,,,,,,,,,,,,,,,,,,,,,,,,,,,,,,,,,,,,,,,,,,0.02702702702702703,,,,
russia investigation,3,russiaElectionInterference,3,0.0006167763157894736,1.2787536009528289,0.0007887049347982086,1.0,,,,,,0.0027397260273972603,,,,,,,,,,,,,,,,,,,,,,,,,,,,,,,,,,,,,0.009523809523809525,,,,,,,,,,,0.025,,,
informant,3,lawEnforcement,1,0.0006167763157894736,1.7558748556724915,0.001082982024469053,1.0,,,,,,,,,,,,,,,,,,,,0.028846153846153848,,,,,,,,,,,,,,,,,,,,,,,,,,,,,,,,,,,,,
thomTillis,3,republican,1,0.0006167763157894736,1.7558748556724915,0.001082982024469053,1.0,,,,,,,0.0050335570469798654,,,,,,,,,,,,,,,,,,,,,,,,,,,,,,,,,,,,,,,,,,,,,,,,,,
sears,3,economy,1,0.0006167763157894736,1.7558748556724915,0.001082982024469053,1.0,,,,,,,0.0050335570469798654,,,,,,,,,,,,,,,,,,,,,,,,,,,,,,,,,,,,,,,,,,,,,,,,,,
aclu,3,extremeLeft,1,0.0006167763157894736,1.7558748556724915,0.001082982024469053,1.0,,,,,,,,,,,,,,,,,,,,,,,,,,,,,,0.03896103896103896,,,,,,,,,,,,,,,,,,,,,,,,,,,
christopherSteele,3,russiaElectionInterference,2,0.0006167763157894736,1.4548448600085102,0.0008973138528013014,1.0,,,,,,,,,,0.010309278350515464,,,,,,,,,,,,,,,,,,,,,,,,,,,,,,,,,0.01904761904761905,,,,,,,,,,,,,,
anatolyAntonov,3,russiaElectionInterference,1,0.0006167763157894736,1.7558748556724915,0.001082982024469053,1.0,,,,,,,,,,,,,,,,,,,,,,,,,,,,,,,,,,,,,0.0071090047393364926,,,,,,,,,,,,,,,,,,,,
axios,3,media,2,0.0006167763157894736,1.4548448600085102,0.0008973138528013014,1.0,,,,,,0.0027397260273972603,0.003355704697986577,,,,,,,,,,,,,,,,,,,,,,,,,,,,,,,,,,,,,,,,,,,,,,,,,,
privacy,3,privacy,3,0.0006167763157894736,1.2787536009528289,0.0007887049347982086,1.0,,,,,,,,,,,,0.019230769230769232,,,,,,,,,,,,,,,,,0.015384615384615385,,,,,,,,0.002369668246445498,,,,,,,,,,,,,,,,,,,,
joshRaffel,3,trumpStaff,1,0.0006167763157894736,1.7558748556724915,0.001082982024469053,1.0,,,,,,0.00821917808219178,,,,,,,,,,,,,,,,,,,,,,,,,,,,,,,,,,,,,,,,,,,,,,,,,,,
USCompany,3,economy,1,0.0006167763157894736,1.7558748556724915,0.001082982024469053,1.0,,,,,,,,,,,,,,,,,,,,,,,,,,,,,,,,,,,,,,,,,,,,,,,,,,,,,0.02702702702702703,,,,
poll,3,opinionPolls,2,0.0006167763157894736,1.4548448600085102,0.0008973138528013014,1.0,,,,,,,,,,,,,,,,,0.0070921985815602835,,,,,,,,,,,,,,,,,,,,,,,,,,,,,,,0.02040816326530612,,,,,,,,,
moscow,3,russiaElectionInterference,3,0.0006167763157894736,1.2787536009528289,0.0007887049347982086,1.0,,,,,,,0.0016778523489932886,,,,,,,,,,,,,,,,,,,,,,,,,,,,,,0.002369668246445498,,,,,,,,,,,,,0.017857142857142856,,,,,,,
alabama,3,unitedStates,3,0.0006167763157894736,1.2787536009528289,0.0007887049347982086,1.0,,,,,,,,,,,,,,,,0.034482758620689655,0.0035460992907801418,,,,,,,,,,,,,,,,,,0.011235955056179775,,,,,,,,,,,,,,,,,,,,,,
disaster,3,tragedy,1,0.0006167763157894736,1.7558748556724915,0.001082982024469053,1.0,,,,,,,0.0050335570469798654,,,,,,,,,,,,,,,,,,,,,,,,,,,,,,,,,,,,,,,,,,,,,,,,,,
republican party,3,republican,2,0.0006167763157894736,1.4548448600085102,0.0008973138528013014,1.0,,,,,,,,,,,,,,,,,,,,,0.025,,,,,,,,,,,,,,,,,,,,,,,,,,,,,,,,,,0.0273972602739726,,
sanction,3,foreignTrade,3,0.0006167763157894736,1.2787536009528289,0.0007887049347982086,1.0,,,,,,,,,,,,,,,,,,,,,,,,,,,,,,,,,,,,,0.002369668246445498,,,,,,,,,0.015384615384615385,,,,,,,0.009009009009009009,,,,
aluminum,3,foreignTrade,2,0.0006167763157894736,1.4548448600085102,0.0008973138528013014,1.0,,,,,,0.0027397260273972603,,,,,,,,,,,,,,,,,,,,,,,,,,,,,,,,,,,,,,,,,,,,,,,0.018018018018018018,,,,
davidSorensen,3,trumpStaff,1,0.0006167763157894736,1.7558748556724915,0.001082982024469053,1.0,,,,,,0.00821917808219178,,,,,,,,,,,,,,,,,,,,,,,,,,,,,,,,,,,,,,,,,,,,,,,,,,,
dennisRodman,3,northSouthKorea,1,0.0006167763157894736,1.7558748556724915,0.001082982024469053,1.0,,,,,,,,,,,,,,,,,,,,,,,,,,,,,,,,0.10344827586206896,,,,,,,,,,,,,,,,,,,,,,,,,
issa,3,cyberSecurity,1,0.0006167763157894736,1.7558748556724915,0.001082982024469053,1.0,,,,,,,,,,,,,,,,,,,,,,,,,,,,,,,,,,,,,,,,,,,0.02857142857142857,,,,,,,,,,,,,,
treyGowdy,3,republican,2,0.0006167763157894736,1.4548448600085102,0.0008973138528013014,1.0,,,,,,,,,,,,,0.02127659574468085,,,,,,,,,,,,,,,,,,,,,,,,0.002369668246445498,,,,,,,,,,,,,,,,,,,,
steveBannon,3,trumpStaff,1,0.0006167763157894736,1.7558748556724915,0.001082982024469053,1.0,,,,,,0.00821917808219178,,,,,,,,,,,,,,,,,,,,,,,,,,,,,,,,,,,,,,,,,,,,,,,,,,,
taxpayer,3,economy,3,0.0006167763157894736,1.2787536009528289,0.0007887049347982086,1.0,,,,,,,,,,,0.030303030303030304,,,0.018518518518518517,,,,,,,,,0.02,,,,,,,,,,,,,,,,,,,,,,,,,,,,,,,,,,
asia,3,foreignNation,1,0.0006167763157894736,1.7558748556724915,0.001082982024469053,1.0,,,,,,,,,,,,,,,,,,,,,,,,,,,,,,,,,,,,,,,,,,,,,,,0.04838709677419355,,,,,,,,,,
tomBowman,3,trumpStaff,2,0.0006167763157894736,1.4548448600085102,0.0008973138528013014,1.0,,,0.009615384615384616,,,,,,,,,,,,,,,,,,,,,,,,,,,,,,,,,,,,0.05263157894736842,,,,,,,,,,,,,,,,,,
iraq,3,middleEast,3,0.0006167763157894736,1.2787536009528289,0.0007887049347982086,1.0,,,,,,,0.0016778523489932886,,,,,,,0.018518518518518517,,,,,,,,,,,,,,,,,,,,,,,,,,,,,,,,0.015384615384615385,,,,,,,,,,,
obamacare,3,healthcare,2,0.0006167763157894736,1.4548448600085102,0.0008973138528013014,1.0,,,,,,,0.003355704697986577,,,,,,,,,,0.0035460992907801418,,,,,,,,,,,,,,,,,,,,,,,,,,,,,,,,,,,,,,,,
ninthcircuit,3,judicial,1,0.0006167763157894736,1.7558748556724915,0.001082982024469053,1.0,,,,,,,,,,,,,,,,,,,,,,,,,,,,,,0.03896103896103896,,,,,,,,,,,,,,,,,,,,,,,,,,,
combat,3,war,1,0.0006167763157894736,1.7558748556724915,0.001082982024469053,1.0,,,,,,,,,,,,,,,,,,,,,,,,,,,,,,,,,,,0.033707865168539325,,,,,,,,,,,,,,,,,,,,,,
new hampshire,3,unitedStates,1,0.0006167763157894736,1.7558748556724915,0.001082982024469053,1.0,,,,,,,,,,,,,,,,,,,,,,,,,,,,,,,,,,,,,,,,,,,,,,,,,,,,,,,0.0410958904109589,,
wall street journal,3,media,2,0.0006167763157894736,1.4548448600085102,0.0008973138528013014,1.0,,,,,,,,,,,,,,,,,,,,,,,,,,,,,,,,,0.043478260869565216,,,,,,,,,,,,,,,,,,,,,,,0.023809523809523808,
violence,3,violenceCrime,2,0.0006167763157894736,1.4548448600085102,0.0008973138528013014,1.0,,,,,,0.0027397260273972603,,,,,,,,,,,,,,,,,,,,,,,,,,,,,,,,,,,,,,,,,,,,,,,,,0.0273972602739726,,
calexico,3,immigration,2,0.0006167763157894736,1.4548448600085102,0.0008973138528013014,1.0,,0.05714285714285714,,,,,,,,,,,,,,,,,,,,,,,,,,,,,0.02631578947368421,,,,,,,,,,,,,,,,,,,,,,,,,,
crime,3,violenceCrime,3,0.0006167763157894736,1.2787536009528289,0.0007887049347982086,1.0,,,,,,,,,,,,,,,,,,,,0.009615384615384616,,,,,,,,,,,,,,0.014492753623188406,,,,,,,,,,,0.0196078431372549,,,,,,,,,,,,
gun control,3,guns,1,0.0006167763157894736,1.7558748556724915,0.001082982024469053,1.0,,,,,,,0.0050335570469798654,,,,,,,,,,,,,,,,,,,,,,,,,,,,,,,,,,,,,,,,,,,,,,,,,,
war,3,war,3,0.0006167763157894736,1.2787536009528289,0.0007887049347982086,1.0,,,,,,,,,,,,,,,,,,,,,,,,,,,0.01694915254237288,,,,,,,,,,,,,,,,,,,,,,,,,0.010869565217391304,,,,,0.012195121951219513
ethic,3,ethics,3,0.0006167763157894736,1.2787536009528289,0.0007887049347982086,1.0,,,,,,,,0.015384615384615385,,,0.030303030303030304,,0.010638297872340425,,,,,,,,,,,,,,,,,,,,,,,,,,,,,,,,,,,,,,,,,,,,
jury,3,judicial,3,0.0006167763157894736,1.2787536009528289,0.0007887049347982086,1.0,,,,,,,,,,,,,,,,,,,,,,,,,,,,,,0.012987012987012988,,,,,,,,,,,,,,,,,,,,,,,0.009009009009009009,,,0.023809523809523808,
chrisSununu,3,republican,1,0.0006167763157894736,1.7558748556724915,0.001082982024469053,1.0,,,,,,,,,,,,,,,,,,,,,,,,,,,,,,,,,,,,,,,,,,,,,,,,,,,,,,,0.0410958904109589,,
consumer,3,economy,1,0.0006167763157894736,1.7558748556724915,0.001082982024469053,1.0,,,,,,,,,,,,,,,,,,,,,,,,,,,,,,,,,,,,,,,,,,,,,,,,,,,,,0.02702702702702703,,,,
accountability,3,ethics,3,0.0006167763157894736,1.2787536009528289,0.0007887049347982086,1.0,,,0.009615384615384616,,,0.0027397260273972603,,,,,,,,,0.009900990099009901,,,,,,,,,,,,,,,,,,,,,,,,,,,,,,,,,,,,,,,,,,
markEsper,3,war,1,0.0006167763157894736,1.7558748556724915,0.001082982024469053,1.0,,,,,,,,,,,,,,,,,,,,,,,,,,,,,,,,,,,0.033707865168539325,,,,,,,,,,,,,,,,,,,,,,
nbc news,3,media,2,0.0006167763157894736,1.4548448600085102,0.0008973138528013014,1.0,,,,,,,0.003355704697986577,,,,,,,0.018518518518518517,,,,,,,,,,,,,,,,,,,,,,,,,,,,,,,,,,,,,,,,,,,
murder,3,violenceCrime,1,0.0006167763157894736,1.7558748556724915,0.001082982024469053,1.0,,,,,,,,,,,,,,,,,,,,,,,,,,,,,,,,,,,,,,,,,,,,,,,,,,0.05357142857142857,,,,,,,
opinionPolls,3,opinionPolls,3,0.0006167763157894736,1.2787536009528289,0.0007887049347982086,1.0,,,,,,,0.0016778523489932886,,,,,,,,,,0.0035460992907801418,,,,,,,,,,,,,,,,,,,,0.002369668246445498,,,,,,,,,,,,,,,,,,,,
deportation,3,immigration,3,0.0006167763157894736,1.2787536009528289,0.0007887049347982086,1.0,,,,,,,,,,,,,,,,,,,,,,,,,,,,0.01694915254237288,,,,,,,,,,,,,,0.010752688172043012,,0.011494252873563218,,,,,,,,,,,,,
west virginia,3,unitedStates,1,0.0006167763157894736,1.7558748556724915,0.001082982024469053,1.0,,,,,,,,,,,,,,,,0.10344827586206896,,,,,,,,,,,,,,,,,,,,,,,,,,,,,,,,,,,,,,,,,
carterPage,3,russiaElectionInterference,3,0.0006167763157894736,1.2787536009528289,0.0007887049347982086,1.0,,,,,,,,,,0.010309278350515464,,,,,,,,,,,,,,,,,,,,,,,,,,,0.002369668246445498,,,,,,0.009523809523809525,,,,,,,,,,,,,,
chuckGrassley,3,republican,3,0.0006167763157894736,1.2787536009528289,0.0007887049347982086,1.0,,,,,,,,,,,,,0.010638297872340425,,,,,,,,,,,,,,,,,,,,,,,,0.002369668246445498,,,,,,0.009523809523809525,,,,,,,,,,,,,,
clinton foundation,3,clintonScandal,2,0.0006167763157894736,1.4548448600085102,0.0008973138528013014,1.0,,,,,,,,,,,,,0.02127659574468085,,,,,,,,,,,,,,,,,,,,,,,,0.002369668246445498,,,,,,,,,,,,,,,,,,,,
court order,3,judicial,2,0.0006167763157894736,1.4548448600085102,0.0008973138528013014,1.0,,,,,,,0.003355704697986577,,,,,,,,,,,,,,,,,,,,,,,,,,,,,,,,,,,0.010752688172043012,,,,,,,,,,,,,,,
nationalsecurityadvisor,3,trumpStaff,3,0.0006167763157894736,1.2787536009528289,0.0007887049347982086,1.0,,,,,,0.0027397260273972603,,,0.02702702702702703,,,,,,,,,,,,,,,,,,,,,,,,,0.014492753623188406,,,,,,,,,,,,,,,,,,,,,,,
wisconsin,3,unitedStates,3,0.0006167763157894736,1.2787536009528289,0.0007887049347982086,1.0,,,,,0.01282051282051282,,0.0016778523489932886,,,,,,,,,,,,,,,,,,,,,,,,,,,,,,,,,,,,,,,,,,,,,,0.009009009009009009,,,,
episcopal church,3,religion,3,0.0006167763157894736,1.2787536009528289,0.0007887049347982086,1.0,,,,,,,,,,,,,,,,,,,,,,,,,,,,,,,,,,,,,0.002369668246445498,,,,0.043478260869565216,,,0.011494252873563218,,,,,,,,,,,,,
religion,3,religion,1,0.0006167763157894736,1.7558748556724915,0.001082982024469053,1.0,,,,,,,,,,,,,,,,,,,,,,,,,,,,,,,,,,,,,0.0071090047393364926,,,,,,,,,,,,,,,,,,,,
idaho,3,unitedStates,1,0.0006167763157894736,1.7558748556724915,0.001082982024469053,1.0,,,,,,,,,,,,,,,,,,,,,,,,,,,,,,,,,,,,,,,,,,,,,,,,,,0.05357142857142857,,,,,,,
retailer,3,economy,2,0.0006167763157894736,1.4548448600085102,0.0008973138528013014,1.0,,,,,,,0.003355704697986577,,,,,,,,,,,0.018867924528301886,,,,,,,,,,,,,,,,,,,,,,,,,,,,,,,,,,,,,,,
andrewJanz,3,democrat,2,0.0006167763157894736,1.4548448600085102,0.0008973138528013014,1.0,,,,,,,0.003355704697986577,,,,,,,,,,0.0035460992907801418,,,,,,,,,,,,,,,,,,,,,,,,,,,,,,,,,,,,,,,,
court decision,2,judicial,2,0.00041118421052631577,1.4548448600085102,0.0005982092352008676,1.0,,,,,,,0.0016778523489932886,,,,,,,,,,,,,,,,,,,,,,,0.012987012987012988,,,,,,,,,,,,,,,,,,,,,,,,,,,
utah,2,unitedStates,2,0.00041118421052631577,1.4548448600085102,0.0005982092352008676,1.0,,,,,,,,,,,,,0.010638297872340425,,,,,,,,,,,,,,,,,,,,,,,,,,,,,,0.009523809523809525,,,,,,,,,,,,,,
campaign contribution,2,election,2,0.00041118421052631577,1.4548448600085102,0.0005982092352008676,1.0,,,,,,0.0027397260273972603,,,,,,,,,,,,,,0.009615384615384616,,,,,,,,,,,,,,,,,,,,,,,,,,,,,,,,,,,,,
wapo,2,media,1,0.00041118421052631577,1.7558748556724915,0.0007219880163127021,1.0,,,,,,,,,,,,,,,,,0.0070921985815602835,,,,,,,,,,,,,,,,,,,,,,,,,,,,,,,,,,,,,,,,
mikePompeo,2,trumpStaff,2,0.00041118421052631577,1.4548448600085102,0.0005982092352008676,1.0,,,0.009615384615384616,,,0.0027397260273972603,,,,,,,,,,,,,,,,,,,,,,,,,,,,,,,,,,,,,,,,,,,,,,,,,,,
bradSherman,2,democrat,1,0.00041118421052631577,1.7558748556724915,0.0007219880163127021,1.0,,,,,,,,,,,,,,,,,,,,,,,,,,,,,,,,,,,,,,,,,,,,,0.0392156862745098,,,,,,,,,,,,
devinNunes,2,republican,1,0.00041118421052631577,1.7558748556724915,0.0007219880163127021,1.0,,,,,,,,,,,,,,,,,0.0070921985815602835,,,,,,,,,,,,,,,,,,,,,,,,,,,,,,,,,,,,,,,,
equality,2,civilRights,1,0.00041118421052631577,1.7558748556724915,0.0007219880163127021,1.0,,,,,,,,,,,,,,,,,,,,,,,,,,,,,,,,,,,,0.05,,,,,,,,,,,,,,,,,,,,,
usmexico border,2,immigration,2,0.00041118421052631577,1.4548448600085102,0.0005982092352008676,1.0,,0.02857142857142857,,,,,,,,,,,,,0.009900990099009901,,,,,,,,,,,,,,,,,,,,,,,,,,,,,,,,,,,,,,,,,,
moral,2,ethics,1,0.00041118421052631577,1.7558748556724915,0.0007219880163127021,1.0,,,,,,,,,,,,,,,,,,,,,,,,,,,,,,,,,,,,,0.004739336492890996,,,,,,,,,,,,,,,,,,,,
surveillance warrant,2,intelligence,2,0.00041118421052631577,1.4548448600085102,0.0005982092352008676,1.0,,,,,,,,,,0.010309278350515464,,,,,,,,,,,,,,,,,,,,,,,,,,,,,,,,,0.009523809523809525,,,,,,,,,,,,,,
ceo,2,economy,1,0.00041118421052631577,1.7558748556724915,0.0007219880163127021,1.0,,,,,0.02564102564102564,,,,,,,,,,,,,,,,,,,,,,,,,,,,,,,,,,,,,,,,,,,,,,,,,,,,
convention,2,election,1,0.00041118421052631577,1.7558748556724915,0.0007219880163127021,1.0,,,,,,,,,,,,,,,,,,,,,,,,,,,,,,,,,,,,,0.004739336492890996,,,,,,,,,,,,,,,,,,,,
bobGoodlatte,2,republican,2,0.00041118421052631577,1.4548448600085102,0.0005982092352008676,1.0,,,,,,,,,,,,,0.010638297872340425,,,,,,,,,,,,,,,,,,,,,,,,0.002369668246445498,,,,,,,,,,,,,,,,,,,,
spy,2,internationalPolitics,2,0.00041118421052631577,1.4548448600085102,0.0005982092352008676,1.0,,,,,,,,,,,,,,,,,,,,,,0.030303030303030304,,,,,,,,,,,,,,,,,,,,,0.009523809523809525,,,,,,,,,,,,,,
trade agreement,2,foreignTrade,2,0.00041118421052631577,1.4548448600085102,0.0005982092352008676,1.0,,,,,,,,,,,,,,,,,,,,,,,,,,,,,,,,,,,,,,,,,,,,0.011494252873563218,,,,,,,,,0.009009009009009009,,,,
hearing,2,judicial,2,0.00041118421052631577,1.4548448600085102,0.0005982092352008676,1.0,,,,,,,,,,,,,,,,,,,,,,,,,,,,0.01694915254237288,0.015384615384615385,,,,,,,,,,,,,,,,,,,,,,,,,,,,
immigration reform,2,immigration,2,0.00041118421052631577,1.4548448600085102,0.0005982092352008676,1.0,,,,,,,,,,,,,,,,,,,,,,,,,,,,,,,,,,,,,,,,,,0.010752688172043012,,0.011494252873563218,,,,,,,,,,,,,
education,2,education,1,0.00041118421052631577,1.7558748556724915,0.0007219880163127021,1.0,,,,,,,,,,,,,,,,,,,,,,,,,,,,,,,,,,,,,0.004739336492890996,,,,,,,,,,,,,,,,,,,,
us government,2,government,2,0.00041118421052631577,1.4548448600085102,0.0005982092352008676,1.0,,,,0.02,,,,,,,,,,,,,,,,,,,,,,,,,,,,,,,,,,,,,,,,,,,,,,,,,0.009009009009009009,,,,
investor,2,economy,1,0.00041118421052631577,1.7558748556724915,0.0007219880163127021,1.0,,,,,,,0.003355704697986577,,,,,,,,,,,,,,,,,,,,,,,,,,,,,,,,,,,,,,,,,,,,,,,,,,
devil,2,religion,1,0.00041118421052631577,1.7558748556724915,0.0007219880163127021,1.0,,,,,,,,,,,,,,,,,0.0070921985815602835,,,,,,,,,,,,,,,,,,,,,,,,,,,,,,,,,,,,,,,,
new jersey,2,unitedStates,1,0.00041118421052631577,1.7558748556724915,0.0007219880163127021,1.0,,,,,,,,,,,,,,,,,,,,,,,,,,,,0.03389830508474576,,,,,,,,,,,,,,,,,,,,,,,,,,,,,
litigation,2,judicial,1,0.00041118421052631577,1.7558748556724915,0.0007219880163127021,1.0,,,,,,,,0.03076923076923077,,,,,,,,,,,,,,,,,,,,,,,,,,,,,,,,,,,,,,,,,,,,,,,,,
medicine,2,healthcare,2,0.00041118421052631577,1.4548448600085102,0.0005982092352008676,1.0,,,,,0.01282051282051282,,0.0016778523489932886,,,,,,,,,,,,,,,,,,,,,,,,,,,,,,,,,,,,,,,,,,,,,,,,,,
kremlin,2,intelligence,1,0.00041118421052631577,1.7558748556724915,0.0007219880163127021,1.0,0.016129032258064516,,,,,,,,,,,,,,,,,,,,,,,,,,,,,,,,,,,,,,,,,,,,,,,,,,,,,,,,
bribe,2,violenceCrime,1,0.00041118421052631577,1.7558748556724915,0.0007219880163127021,1.0,,,,,,,,,,,,,,,,,,,,0.019230769230769232,,,,,,,,,,,,,,,,,,,,,,,,,,,,,,,,,,,,,
affidavit,2,judicial,1,0.00041118421052631577,1.7558748556724915,0.0007219880163127021,1.0,,,,,,,,,,,,,,,,,,,,,,,,,,,,,,,,,,,,0.05,,,,,,,,,,,,,,,,,,,,,
jaredKushner,2,trumpFamily,1,0.00041118421052631577,1.7558748556724915,0.0007219880163127021,1.0,,,,,,0.005479452054794521,,,,,,,,,,,,,,,,,,,,,,,,,,,,,,,,,,,,,,,,,,,,,,,,,,,
buzzfeed,2,media,2,0.00041118421052631577,1.4548448600085102,0.0005982092352008676,1.0,,,,,,,,,,,,,,,,,,,,,,,,,,,,,,,,,,,,,,,,,,,,0.011494252873563218,,,,,,,,,,,,,0.012195121951219513
unitedNations,2,internationalPolitics,2,0.00041118421052631577,1.4548448600085102,0.0005982092352008676,1.0,,,,,,,,,,,,,,,,,,0.018867924528301886,,,,0.030303030303030304,,,,,,,,,,,,,,,,,,,,,,,,,,,,,,,,,,,
arizona,2,unitedStates,2,0.00041118421052631577,1.4548448600085102,0.0005982092352008676,1.0,,,,,,,0.0016778523489932886,,,,,,,,,,,,,,,,,,,,,,,,,,,,,,,,,,,,,,,,,,,,,,,,,,0.012195121951219513
peterMessitte,2,judicial,1,0.00041118421052631577,1.7558748556724915,0.0007219880163127021,1.0,,,,,,,,0.03076923076923077,,,,,,,,,,,,,,,,,,,,,,,,,,,,,,,,,,,,,,,,,,,,,,,,,
tax cut,2,economy,2,0.00041118421052631577,1.4548448600085102,0.0005982092352008676,1.0,,,,,,0.0027397260273972603,0.0016778523489932886,,,,,,,,,,,,,,,,,,,,,,,,,,,,,,,,,,,,,,,,,,,,,,,,,,
new mexico,2,unitedStates,2,0.00041118421052631577,1.4548448600085102,0.0005982092352008676,1.0,,,,,,,0.0016778523489932886,,,,,,,,,,,,,,,,,,,,,,,,0.02631578947368421,,,,,,,,,,,,,,,,,,,,,,,,,,
cleveland,2,unitedStates,2,0.00041118421052631577,1.4548448600085102,0.0005982092352008676,1.0,,,,,,,,,,,,,,,0.009900990099009901,,,,,,,,,,,,,,,,,,,,,,0.002369668246445498,,,,,,,,,,,,,,,,,,,,
state lawmaker,2,government,2,0.00041118421052631577,1.4548448600085102,0.0005982092352008676,1.0,,,,,,,0.0016778523489932886,,,,,,,,,,,,,,,,,,,,,,,,,,,,,,,,,,,,,,,,,,,,,0.010869565217391304,,,,,
andrewRicci,2,civilRights,1,0.00041118421052631577,1.7558748556724915,0.0007219880163127021,1.0,,,,,,,,,,,,,,,,,,,,,,,,0.03389830508474576,,,,,,,,,,,,,,,,,,,,,,,,,,,,,,,,,
appropriation bill,2,governmentProgram,2,0.00041118421052631577,1.4548448600085102,0.0005982092352008676,1.0,,,,,,,,,,,,,,,,,0.0035460992907801418,,,,,,,,,,,,,,0.02631578947368421,,,,,,,,,,,,,,,,,,,,,,,,,,
delegate,2,internationalPolitics,1,0.00041118421052631577,1.7558748556724915,0.0007219880163127021,1.0,,,,,,,,,,,,,,,,,,,,0.019230769230769232,,,,,,,,,,,,,,,,,,,,,,,,,,,,,,,,,,,,,
kristinBrown,2,guns,2,0.00041118421052631577,1.4548448600085102,0.0005982092352008676,1.0,,,,,,0.0027397260273972603,,,,,,,,,,,,,,,,,,,,,,,,,,,,,,,,,,,,,,,,,,,,,,,,,,,0.012195121951219513
damnation,2,religion,1,0.00041118421052631577,1.7558748556724915,0.0007219880163127021,1.0,,,,,,,,,,,,,,,,,,,,,,,,,,,,,,,,,,,,,0.004739336492890996,,,,,,,,,,,,,,,,,,,,
steel,2,foreignTrade,2,0.00041118421052631577,1.4548448600085102,0.0005982092352008676,1.0,,,,,,0.0027397260273972603,,,,,,,,,,,,,,,,,,,,,,,,,,,,,,,,,,,,,,,,,,,,,,,0.009009009009009009,,,,
district seat,2,election,1,0.00041118421052631577,1.7558748556724915,0.0007219880163127021,1.0,,,,,,,0.003355704697986577,,,,,,,,,,,,,,,,,,,,,,,,,,,,,,,,,,,,,,,,,,,,,,,,,,
indictment,2,judicial,1,0.00041118421052631577,1.7558748556724915,0.0007219880163127021,1.0,,,,,,,,,,,,,,,,,,,,0.019230769230769232,,,,,,,,,,,,,,,,,,,,,,,,,,,,,,,,,,,,,
msnbc,2,media,2,0.00041118421052631577,1.4548448600085102,0.0005982092352008676,1.0,,,,,,,,,,,,,,0.018518518518518517,,,,,,,,,,,,,,,,,,,,,,,0.002369668246445498,,,,,,,,,,,,,,,,,,,,
white house physician,2,healthcare,2,0.00041118421052631577,1.4548448600085102,0.0005982092352008676,1.0,,,,,0.01282051282051282,,,,,,,,,,,,,,,,,,,,,,0.01694915254237288,,,,,,,,,,,,,,,,,,,,,,,,,,,,,,
article v convention,2,judicial,1,0.00041118421052631577,1.7558748556724915,0.0007219880163127021,1.0,,,,,,,,,,,,,,,,,,,,,,,,,,,,,,,,,,,,,0.004739336492890996,,,,,,,,,,,,,,,,,,,,
cabinet member,2,trumpStaff,1,0.00041118421052631577,1.7558748556724915,0.0007219880163127021,1.0,,,,,,,,,,,,,,,,,,,,,,,,,,,0.03389830508474576,,,,,,,,,,,,,,,,,,,,,,,,,,,,,,
liberal,2,extremeLeft,1,0.00041118421052631577,1.7558748556724915,0.0007219880163127021,1.0,,,,,,,0.003355704697986577,,,,,,,,,,,,,,,,,,,,,,,,,,,,,,,,,,,,,,,,,,,,,,,,,,
campaign fund,2,election,1,0.00041118421052631577,1.7558748556724915,0.0007219880163127021,1.0,,,,,,,,,,,,,,,,,0.0070921985815602835,,,,,,,,,,,,,,,,,,,,,,,,,,,,,,,,,,,,,,,,
walmart,2,economy,2,0.00041118421052631577,1.4548448600085102,0.0005982092352008676,1.0,,,,,,0.0027397260273972603,0.0016778523489932886,,,,,,,,,,,,,,,,,,,,,,,,,,,,,,,,,,,,,,,,,,,,,,,,,,
civilRights,2,civilRights,1,0.00041118421052631577,1.7558748556724915,0.0007219880163127021,1.0,,,,,,,,,,,,,,,,,,,,,,,,,,,,,,,,,,,,,,,,,,,,,,,,0.04081632653061224,,,,,,,,,
jimRenacci,2,republican,1,0.00041118421052631577,1.7558748556724915,0.0007219880163127021,1.0,,,,,,,0.003355704697986577,,,,,,,,,,,,,,,,,,,,,,,,,,,,,,,,,,,,,,,,,,,,,,,,,,
ivankaTrump,2,trumpFamily,1,0.00041118421052631577,1.7558748556724915,0.0007219880163127021,1.0,,,,,,0.005479452054794521,,,,,,,,,,,,,,,,,,,,,,,,,,,,,,,,,,,,,,,,,,,,,,,,,,,
wto,2,foreignTrade,1,0.00041118421052631577,1.7558748556724915,0.0007219880163127021,1.0,,,,,,,,,,,,,,,,,,,,,,,,,,,,,,,,,,,,,,,,,,,,,,,,,,,,,0.018018018018018018,,,,
us attorney,2,judicial,2,0.00041118421052631577,1.4548448600085102,0.0005982092352008676,1.0,,,,,,,,,,,,,0.010638297872340425,,,,,,,0.009615384615384616,,,,,,,,,,,,,,,,,,,,,,,,,,,,,,,,,,,,,
robertaJacobson,2,internationalPolitics,1,0.00041118421052631577,1.7558748556724915,0.0007219880163127021,1.0,,,,,,0.005479452054794521,,,,,,,,,,,,,,,,,,,,,,,,,,,,,,,,,,,,,,,,,,,,,,,,,,,
elite,2,extremeLeft,1,0.00041118421052631577,1.7558748556724915,0.0007219880163127021,1.0,,,,,,,,,,,,,,,,,,,,,,,,,,,,,,,,,,,,,0.004739336492890996,,,,,,,,,,,,,,,,,,,,
virginia,2,unitedStates,2,0.00041118421052631577,1.4548448600085102,0.0005982092352008676,1.0,,,,,,,0.0016778523489932886,,,,,,,,,,,,,,,,,,,,,,,,,,,,,,,0.02,,,,,,,,,,,,,,,,,,,
democracy,2,government,2,0.00041118421052631577,1.4548448600085102,0.0005982092352008676,1.0,0.008064516129032258,,,,,,,,,,,,,,,,,,,,,,,,,,,0.01694915254237288,,,,,,,,,,,,,,,,,,,,,,,,,,,,,
USInterest,2,internationalPolitics,2,0.00041118421052631577,1.4548448600085102,0.0005982092352008676,1.0,,,,,,,,,,,,,,,,,,,,,,,,,,,,,,,,,,,,,,,,,,,,,,,0.016129032258064516,,,,,,0.009009009009009009,,,,
stephenBoyd,2,government,1,0.00041118421052631577,1.7558748556724915,0.0007219880163127021,1.0,,,,,,,,,,,,,0.02127659574468085,,,,,,,,,,,,,,,,,,,,,,,,,,,,,,,,,,,,,,,,,,,,
mikePence,2,presidentDonaldTrump,2,0.00041118421052631577,1.4548448600085102,0.0005982092352008676,1.0,,,,,,,0.0016778523489932886,,,,,,,,,,,,,,,,,,,,,,,,,,,0.014492753623188406,,,,,,,,,,,,,,,,,,,,,,,
customsAndBorderProtection,2,immigration,1,0.00041118421052631577,1.7558748556724915,0.0007219880163127021,1.0,,,,,,,,,,,,,,,,,,,,,,,,,,,,,,,0.05263157894736842,,,,,,,,,,,,,,,,,,,,,,,,,,
usda,2,government,1,0.00041118421052631577,1.7558748556724915,0.0007219880163127021,1.0,,,,,,,,,,,,,,,,0.06896551724137931,,,,,,,,,,,,,,,,,,,,,,,,,,,,,,,,,,,,,,,,,
gop primary,2,election,2,0.00041118421052631577,1.4548448600085102,0.0005982092352008676,1.0,,,,,,,0.0016778523489932886,,,,,,,,,,,,,,,,,,,,,,,,,,,,,,,,,,,,,,,,,,,,,,,,0.0136986301369863,,
uk,2,europeanUnion,1,0.00041118421052631577,1.7558748556724915,0.0007219880163127021,1.0,,,,,,,,,,,,,,,,,,,,,,0.06060606060606061,,,,,,,,,,,,,,,,,,,,,,,,,,,,,,,,,,,
appeal court,2,judicial,1,0.00041118421052631577,1.7558748556724915,0.0007219880163127021,1.0,,,,,,,,,,,,,,,,,,,,,,,,,,,,0.03389830508474576,,,,,,,,,,,,,,,,,,,,,,,,,,,,,
antitrump dossier,2,fbiMisconduct,2,0.00041118421052631577,1.4548448600085102,0.0005982092352008676,1.0,,,,,,,,,,0.010309278350515464,,,,,,,,,,,,,,,,,,,,,,,,,,,,,,,,,0.009523809523809525,,,,,,,,,,,,,,
roman catholic,2,religion,2,0.00041118421052631577,1.4548448600085102,0.0005982092352008676,1.0,,,,,,0.0027397260273972603,,,,,,,,,,,,,,,,,,,,,,,,,,,,,,,0.002369668246445498,,,,,,,,,,,,,,,,,,,,
spending package,2,economy,1,0.00041118421052631577,1.7558748556724915,0.0007219880163127021,1.0,,,,,,,,,,,,,,,0.019801980198019802,,,,,,,,,,,,,,,,,,,,,,,,,,,,,,,,,,,,,,,,,,
alexanderHamilton,2,foundingFather,2,0.00041118421052631577,1.4548448600085102,0.0005982092352008676,1.0,,,,,,,,,,,,,,,,,0.0035460992907801418,,,,,,,,,,,,,,,,,,,,0.002369668246445498,,,,,,,,,,,,,,,,,,,,
conspiracy,2,violenceCrime,2,0.00041118421052631577,1.4548448600085102,0.0005982092352008676,1.0,,,,,,,,,,,,,,,,,,,,0.009615384615384616,,,,,,,,,,,,,,,,,,0.02,,,,,,,,,,,,,,,,,,,
court spokesperson,2,judicial,1,0.00041118421052631577,1.7558748556724915,0.0007219880163127021,1.0,,,,,,,,,,,,,,,,,,,,,,,,,,,,,,0.025974025974025976,,,,,,,,,,,,,,,,,,,,,,,,,,,
doj action,2,judicial,2,0.00041118421052631577,1.4548448600085102,0.0005982092352008676,1.0,,,,,,,,,,0.010309278350515464,,,,,,,,,,,,,,,,,,,,,,,0.021739130434782608,,,,,,,,,,,,,,,,,,,,,,,,
missile,2,war,1,0.00041118421052631577,1.7558748556724915,0.0007219880163127021,1.0,,,,,,,,,,,,,,,,,,,,,,,,,,,,,,,,,,,,,,,,,,,,,,0.03076923076923077,,,,,,,,,,,
georgeWBush,2,formerPresident,1,0.00041118421052631577,1.7558748556724915,0.0007219880163127021,1.0,,,,,,,,,,,,,,,,,,,,,,,,,,,,,,,,,,,,,,,,,,,,,,,,,,,,0.021739130434782608,,,,,
cindyHydeSmith,2,republican,1,0.00041118421052631577,1.7558748556724915,0.0007219880163127021,1.0,,,,,,,,,,,,,,,,,0.0070921985815602835,,,,,,,,,,,,,,,,,,,,,,,,,,,,,,,,,,,,,,,,
russia probe,2,russiaElectionInterference,2,0.00041118421052631577,1.4548448600085102,0.0005982092352008676,1.0,,,,,,,,,,0.010309278350515464,,,,,,,,,,,,,,,,,,,,,,,,,,,,,,,,,,,,,,,,,0.029411764705882353,,,,,,
dreamer,2,immigration,1,0.00041118421052631577,1.7558748556724915,0.0007219880163127021,1.0,,,,,,,,,,,,,,,,,,,,,,,,,,,,,,,,,,,,,,,,,,0.021505376344086023,,,,,,,,,,,,,,,
omarosaManigault,2,trumpStaff,1,0.00041118421052631577,1.7558748556724915,0.0007219880163127021,1.0,,,,,,0.005479452054794521,,,,,,,,,,,,,,,,,,,,,,,,,,,,,,,,,,,,,,,,,,,,,,,,,,,
melaniaTrump,2,trumpFamily,2,0.00041118421052631577,1.4548448600085102,0.0005982092352008676,1.0,,,,,,,,,,,,,,,,,,,,,,,,,,,,,,,,,,,,,,,,,,,,0.011494252873563218,,,,,,,,,,,,0.023809523809523808,
heidiHeitkamp,2,democrat,1,0.00041118421052631577,1.7558748556724915,0.0007219880163127021,1.0,,,,,,,0.003355704697986577,,,,,,,,,,,,,,,,,,,,,,,,,,,,,,,,,,,,,,,,,,,,,,,,,,
parkland,2,guns,2,0.00041118421052631577,1.4548448600085102,0.0005982092352008676,1.0,,,,,,,,,,,,,,,,,,,,,0.025,,,,,,,,,,,,,,,,,,,,,,,,,,,,,,,,,,0.0136986301369863,,
misconduct,2,ethics,2,0.00041118421052631577,1.4548448600085102,0.0005982092352008676,1.0,,,,,,,,,,,,,,,,,,,,0.009615384615384616,,,,0.01694915254237288,,,,,,,,,,,,,,,,,,,,,,,,,,,,,,,,,
discrimination,2,racialTension,1,0.00041118421052631577,1.7558748556724915,0.0007219880163127021,1.0,,,,,,,,,,,,,,,,,,,,,,,,,,,,0.03389830508474576,,,,,,,,,,,,,,,,,,,,,,,,,,,,,
white house aide,2,trumpStaff,2,0.00041118421052631577,1.4548448600085102,0.0005982092352008676,1.0,,,,,,0.0027397260273972603,,,,,,,,,,,0.0035460992907801418,,,,,,,,,,,,,,,,,,,,,,,,,,,,,,,,,,,,,,,,
state department,2,government,2,0.00041118421052631577,1.4548448600085102,0.0005982092352008676,1.0,,,,,,,,,,,,,,,,,,,,,,,,,0.041666666666666664,,,,,,,,,,,,,,,,,,,,,,0.016129032258064516,,,,,,,,,,
foodStamps,2,governmentProgram,1,0.00041118421052631577,1.7558748556724915,0.0007219880163127021,1.0,,,,,,,,,,,,,,,,0.06896551724137931,,,,,,,,,,,,,,,,,,,,,,,,,,,,,,,,,,,,,,,,,
scandal,2,controversy,2,0.00041118421052631577,1.4548448600085102,0.0005982092352008676,1.0,,,0.009615384615384616,,,,,,,,,,,,,,,,,,,,,,,,0.01694915254237288,,,,,,,,,,,,,,,,,,,,,,,,,,,,,,
houseOversightCommittee,2,government,2,0.00041118421052631577,1.4548448600085102,0.0005982092352008676,1.0,,,,,,,,,,,,,,,,,,,,,,,,,,,,,,,,,0.021739130434782608,,,,,,,,,,0.009523809523809525,,,,,,,,,,,,,,
reincePriebus,2,trumpStaff,1,0.00041118421052631577,1.7558748556724915,0.0007219880163127021,1.0,,,,,,0.005479452054794521,,,,,,,,,,,,,,,,,,,,,,,,,,,,,,,,,,,,,,,,,,,,,,,,,,,
court filing,2,judicial,2,0.00041118421052631577,1.4548448600085102,0.0005982092352008676,1.0,,,,,,,0.0016778523489932886,,,,,,,,,,,,,,,,,,,,,,,,,,,,,,,0.02,,,,,,,,,,,,,,,,,,,
shooter,2,guns,1,0.00041118421052631577,1.7558748556724915,0.0007219880163127021,1.0,,,,,,,,,,,,,,,,,,,,,,,,,,,,,,,,,,,,,,,,,,,,,,,,,0.04081632653061224,,,,,,,,
jayCarney,2,formerPresident,2,0.00041118421052631577,1.4548448600085102,0.0005982092352008676,1.0,,,,,,,,,,,,,,,,,,0.018867924528301886,,,,,0.02,,,,,,,,,,,,,,,,,,,,,,,,,,,,,,,,,,
steveScalise,2,republican,1,0.00041118421052631577,1.7558748556724915,0.0007219880163127021,1.0,,,,,,,,,,,,,,,,,0.0070921985815602835,,,,,,,,,,,,,,,,,,,,,,,,,,,,,,,,,,,,,,,,
privateemailserver,2,clintonScandal,2,0.00041118421052631577,1.4548448600085102,0.0005982092352008676,1.0,,,,,,,,,,0.010309278350515464,,,,,,,,,,,,,,,,,,,,,,,0.021739130434782608,,,,,,,,,,,,,,,,,,,,,,,,
cia,2,intelligence,1,0.00041118421052631577,1.7558748556724915,0.0007219880163127021,1.0,0.016129032258064516,,,,,,,,,,,,,,,,,,,,,,,,,,,,,,,,,,,,,,,,,,,,,,,,,,,,,,,,
preetBharara,2,judicial,1,0.00041118421052631577,1.7558748556724915,0.0007219880163127021,1.0,,,,,,0.005479452054794521,,,,,,,,,,,,,,,,,,,,,,,,,,,,,,,,,,,,,,,,,,,,,,,,,,,
vladimirPutin,2,foreignLeader,2,0.00041118421052631577,1.4548448600085102,0.0005982092352008676,1.0,0.008064516129032258,,,,,,,,,,,,,,,,,,,,,,,,,,,,,,,,,,,,,,,,,,,,,0.015384615384615385,,,,,,,,,,,
house judiciary committee,2,judicial,2,0.00041118421052631577,1.4548448600085102,0.0005982092352008676,1.0,,,,,,,0.0016778523489932886,,,0.010309278350515464,,,,,,,,,,,,,,,,,,,,,,,,,,,,,,,,,,,,,,,,,,,,,,,
joeBiden,2,formerPresident,1,0.00041118421052631577,1.7558748556724915,0.0007219880163127021,1.0,,,,,,,,,,,,,,,,,,,,,,,,,,,,,,,,,,,,,0.004739336492890996,,,,,,,,,,,,,,,,,,,,
benghazi attack,2,clintonScandal,1,0.00041118421052631577,1.7558748556724915,0.0007219880163127021,1.0,,,,,,,,,,,,,,,,,,0.03773584905660377,,,,,,,,,,,,,,,,,,,,,,,,,,,,,,,,,,,,,,,
walterShaub,2,trumpStaff,1,0.00041118421052631577,1.7558748556724915,0.0007219880163127021,1.0,,,,,,0.005479452054794521,,,,,,,,,,,,,,,,,,,,,,,,,,,,,,,,,,,,,,,,,,,,,,,,,,,
security issue,2,terrorism,1,0.00041118421052631577,1.7558748556724915,0.0007219880163127021,1.0,,,,0.04,,,,,,,,,,,,,,,,,,,,,,,,,,,,,,,,,,,,,,,,,,,,,,,,,,,,,
robertWilkie,2,trumpStaff,2,0.00041118421052631577,1.4548448600085102,0.0005982092352008676,1.0,,,0.009615384615384616,,,0.0027397260273972603,,,,,,,,,,,,,,,,,,,,,,,,,,,,,,,,,,,,,,,,,,,,,,,,,,,
nyt,2,media,1,0.00041118421052631577,1.7558748556724915,0.0007219880163127021,1.0,,,,,,,0.003355704697986577,,,,,,,,,,,,,,,,,,,,,,,,,,,,,,,,,,,,,,,,,,,,,,,,,,
mexico city,2,foreignNation,1,0.00041118421052631577,1.7558748556724915,0.0007219880163127021,1.0,,,,,,,,,,,,,,,,,,,,,,,,,,,,0.03389830508474576,,,,,,,,,,,,,,,,,,,,,,,,,,,,,
centralAmerica,2,foreignNation,2,0.00041118421052631577,1.4548448600085102,0.0005982092352008676,1.0,,,,,,,,,,,,,,,,,,,,,,,,,,,,,,,,,,,,,,,,,,,,0.011494252873563218,,,,,,,,0.010869565217391304,,,,,
conorLamb,2,democrat,2,0.00041118421052631577,1.4548448600085102,0.0005982092352008676,1.0,,,,,,,0.0016778523489932886,,,,,,,,,,0.0035460992907801418,,,,,,,,,,,,,,,,,,,,,,,,,,,,,,,,,,,,,,,,
martinOmalley,2,democrat,2,0.00041118421052631577,1.4548448600085102,0.0005982092352008676,1.0,,,,,,,0.0016778523489932886,,,,,,,,,,,,,,,,,,,,,,,,,,,,,,,,,,,,,,,,,,,,,,,,0.0136986301369863,,
court document,2,judicial,1,0.00041118421052631577,1.7558748556724915,0.0007219880163127021,1.0,,,,,,,0.003355704697986577,,,,,,,,,,,,,,,,,,,,,,,,,,,,,,,,,,,,,,,,,,,,,,,,,,
us ambassador,2,internationalPolitics,2,0.00041118421052631577,1.4548448600085102,0.0005982092352008676,1.0,,,,,,0.0027397260273972603,,,,,,,,,,,,0.018867924528301886,,,,,,,,,,,,,,,,,,,,,,,,,,,,,,,,,,,,,,,
