concept,t_count,d_count,tf,idf,tf_idf,weight,DSI-0,DSI-1,DSI-2,DSI-3,DSI-4,DSI-5,DSI-6,DSI-7,DSI-8,DSI-9,DSI-10,DSI-11,DSI-12,DSI-13,DSI-14,DSI-15,DSI-16,DSI-17,DSI-18,DSI-19,DSI-20,DSI-21,DSI-22,DSI-23,DSI-24,DSI-25,DSI-26,DSI-27,DSI-28,DSI-29,DSI-30,DSI-31,DSI-32,DSI-33,DSI-34,DSI-35,DSI-36,DSI-37,DSI-38,DSI-39,DSI-40,DSI-41,DSI-42,DSI-43,DSI-44,DSI-45,DSI-46,DSI-47,DSI-48,DSI-49,DSI-50,DSI-51,DSI-52,DSI-53,DSI-54,DSI-55,DSI-56,DSI-57,DSI-58,DSI-59,DSI-60,DSI-61,DSI-62,DSI-63,DSI-64,DSI-65,DSI-66,DSI-67,DSI-68,DSI-69,DSI-70,DSI-71,DSI-72,DSI-73,DSI-74,DSI-75,DSI-76,DSI-77,DSI-78,DSI-79,DSI-80,DSI-81,DSI-82,DSI-83,DSI-84,DSI-85,DSI-86,DSI-87,DSI-88,DSI-89,DSI-90,DSI-91,DSI-92,DSI-93,DSI-94,DSI-95,DSI-96,DSI-97,DSI-98,DSI-99,DSI-100,DSI-101,DSI-102,DSI-103,DSI-104,DSI-105,DSI-106,DSI-107,DSI-108,DSI-109,DSI-110,DSI-111,DSI-112,DSI-113,DSI-114,DSI-115,DSI-116,DSI-117,DSI-118,DSI-119,DSI-120,DSI-121,DSI-122,DSI-123,DSI-124,DSI-125,DSI-126,DSI-127
UNKNOWN,2,2,0.00032499187520311994,1.806179973983887,0.0005869938166993458,1.0,,,,,,,,,,,,,,,,,,,,,,,,,,,,,,,,,,,,,,,,,,,,,,,,,,,,,,,,,,,,,,,,,,,,,,,,,,,,,,,,,,,,,,0.022727272727272728,,,,,,,,,,,,,,,,,,,,,,,,,,,,,,,,,,,,,,,,,0.022727272727272728,
china,18,4,0.0029249268768280793,3.311329952303793,0.004500285928028319,1.0,,0.1702127659574468,,,,,,,,,,,,,,,,,,,,,,,,,,,,,,,,,,,,,0.1702127659574468,,,,,,,,,,,,,,,,,,,,,,,,,,,,,,,,,,,,,,,,,,,,,,,,,,,,,,,,,,,,,,,,,,,,,,,,,,,,0.015384615384615385,,,,,,0.0125,,,,,,,
civilRights,91,16,0.014787130321741957,24.439487095982965,0.022861297100925704,4.0,,,,,,,,0.06153846153846154,,,,,,,,0.0975609756097561,,,,,,,0.5,,,,,,,,,,,,,,,,,,,,,0.5,,0.06153846153846154,,,,,0.8387096774193548,,,,,,,,0.4395604395604396,0.8387096774193548,,,,,,,,,,0.4395604395604396,,,,,,,,,,,,,,,,,,,,,,0.4050632911392405,,,,,,,,0.4395604395604396,,,,,,,,,,,0.12121212121212122,,,,0.06153846153846154,0.09090909090909091,,,,,,0.1111111111111111,0.7619047619047619,,,,,
clintonScandal,8,4,0.0012999675008124798,3.311329952303793,0.0020544783584477105,1.0,,,,,,,,,,,,,,,,,,,,,,,,,,,,0.05263157894736842,,,,,,,,,,,,,,,,,,,,,,,,,,,,,,,,,,,,,,,,,,,,,0.05263157894736842,,,,,,,,,,,,,,,,,0.013513513513513514,,,,,,,,,,,,,,,,,,,,,,,,,,0.011363636363636364,,,,,,,,,,,,
controversy,269,64,0.043711407214819635,31.49206490502056,0.051688278358798787,5.0,,,1.442307692307692,,,0.20833333333333331,0.13157894736842105,,0.10638297872340426,1.5116279069767442,0.5405405405405406,0.1639344262295082,0.058823529411764705,,,,,,,0.5128205128205128,,0.11904761904761904,0.5,0.37790697674418605,,,,0.08771929824561403,0.41666666666666663,,,,,3.125,0.5454545454545454,,0.14925373134328357,,,1.442307692307692,,,0.20833333333333331,0.5,0.13157894736842105,,0.10638297872340426,1.5116279069767442,0.18518518518518517,,0.24193548387096775,0.3125,,,0.8139534883720931,,0.08928571428571427,,0.2197802197802198,0.24193548387096775,,,0.18518518518518517,,0.3125,,,0.8139534883720931,0.08928571428571427,0.2197802197802198,,,0.08771929824561403,0.41666666666666663,,,,0.18518518518518517,,3.125,0.5454545454545454,,0.14925373134328357,,,0.11363636363636365,0.17857142857142855,,0.625,,0.125,,0.2247191011235955,,0.3125,,,0.8139534883720931,0.08928571428571427,0.2197802197802198,,,0.41666666666666663,,,0.17857142857142855,,,0.3571428571428571,,,,0.15151515151515152,1.4102564102564101,0.15384615384615385,0.11363636363636365,0.22058823529411764,,,0.0625,,0.4861111111111111,0.3571428571428571,,,0.3571428571428571,0.11363636363636365,0.17857142857142855
cyberSecurity,7,7,0.0011374715632109197,1.2621119296336114,0.0014356164295474942,2.0,,,,,,,,,,0.046511627906976744,,,,,,,,,,,,,,,,,,,,,0.023529411764705882,,,,,,,,,,,,,,,,,0.046511627906976744,,,,,,,,,,,,,,0.0392156862745098,,,,,,,,,,,,,,0.023529411764705882,,,,,,,,,0.0392156862745098,,,,,,,,,,,,,,,,,,,,0.023529411764705882,,,,,,,,,,,,,,,,,,,,,,,
democrat,281,43,0.04566135846603837,47.737210961690145,0.05140389093737243,0.2,,,,,,,,0.036923076923076927,0.02553191489361702,,0.010810810810810811,,0.037647058823529415,0.06956521739130433,0.01666666666666667,0.019512195121951223,0.006896551724137931,,0.004,0.015384615384615385,,0.023809523809523808,0.025,0.009302325581395349,,,,0.007017543859649123,,,,,,0.005000000000000001,,,0.020895522388059702,,,,,,,0.025,,0.036923076923076927,0.02553191489361702,,,,0.022580645161290325,,,0.052380952380952375,,,0.010714285714285714,,0.0021978021978021982,0.022580645161290325,,,,,,,0.052380952380952375,,0.010714285714285714,0.0021978021978021982,,,0.007017543859649123,,,,,,,0.005000000000000001,,,0.020895522388059702,,,,0.042857142857142864,,,0.04594594594594595,,0.027848101265822784,,,,,0.052380952380952375,,0.010714285714285714,0.0021978021978021982,,,,,,,,,,,,,0.018181818181818184,,,0.01590909090909091,0.0058823529411764705,,,0.0025000000000000005,,0.061111111111111116,,,,0.014285714285714285,,0.042857142857142864
economy,248,52,0.04029899252518689,68.65977210259814,0.058355275181233304,5.0,0.5,0.2127659574468085,0.19230769230769232,0.10638297872340426,,0.20833333333333331,,,0.2127659574468085,,,0.1639344262295082,,0.16304347826086957,0.20833333333333331,0.12195121951219512,,,,,,0.11904761904761904,0.125,,0.08333333333333333,,0.7692307692307693,,,,0.058823529411764705,3.0000000000000004,0.8064516129032258,,2.272727272727273,,0.07462686567164178,0.5,0.2127659574468085,0.19230769230769232,0.10638297872340426,,0.20833333333333331,0.125,,,0.2127659574468085,,,0.6818181818181818,,,,,0.23255813953488372,,,2.659574468085105,,,2.659574468085105,,0.09259259259259259,,,,,0.23255813953488372,,,0.25,0.7692307692307693,,,,0.058823529411764705,3.0000000000000004,,0.8064516129032258,,2.272727272727273,,0.07462686567164178,2.9487179487179493,,,,,,,,0.06329113924050633,0.11235955056179775,,,,,0.23255813953488372,,,0.25,0.7692307692307693,,,0.058823529411764705,,,,,,0.15151515151515152,0.06578947368421052,,,0.07692307692307693,0.2272727272727273,,,0.375,,,,0.11904761904761904,,,,,
education,17,13,0.0027624309392265192,5.997476114432486,0.004029262988578783,3.0,,,,,,0.375,0.07894736842105263,,,,,,0.03529411764705882,,,0.07317073170731708,,,,,,,,,,,,,,,,,,,,,,,,,,,0.375,,0.07894736842105263,,,,,,,,,,,,0.05357142857142857,,0.03296703296703297,,,,,,,,,,0.05357142857142857,0.03296703296703297,,,,,,,,,,,,,,,,,,,,,,,,,,,,,0.05357142857142857,0.03296703296703297,,,,,,,,,,,,,,,,,0.044117647058823525,,,,,,,,,,,
election,283,69,0.045986350341241496,41.09406735440163,0.044845984875389565,1.0,0.03333333333333333,,,0.0425531914893617,0.03125,,,0.2,0.1276595744680851,0.023255813953488372,,,0.047058823529411764,0.10869565217391304,0.06944444444444445,,0.034482758620689655,,,0.3076923076923077,,,0.05,0.13372093023255813,0.08333333333333333,0.05714285714285714,,0.05263157894736842,,,0.023529411764705882,,,0.075,0.05454545454545454,,0.07462686567164178,0.03333333333333333,,,0.0425531914893617,0.03125,,0.05,,0.2,0.1276595744680851,0.023255813953488372,0.18518518518518517,,,0.1875,0.06666666666666667,0.11904761904761904,0.11627906976744186,,0.08928571428571427,,0.01098901098901099,,,0.0392156862745098,0.018518518518518517,,0.1875,0.06666666666666667,0.11904761904761904,0.11627906976744186,0.08928571428571427,0.01098901098901099,,,0.05263157894736842,,,0.023529411764705882,,0.18518518518518517,,0.075,0.05454545454545454,,0.07462686567164178,,0.0392156862745098,,,0.041666666666666664,,0.17567567567567569,,0.05063291139240506,0.02247191011235955,,0.1875,0.06666666666666667,0.11904761904761904,0.11627906976744186,0.08928571428571427,0.01098901098901099,,,,,0.023529411764705882,0.10714285714285714,,,,,,,0.09090909090909091,,0.03076923076923077,0.06818181818181818,,,,0.037500000000000006,0.0125,0.027777777777777776,0.19047619047619047,,,0.03571428571428571,,
energy,22,4,0.003574910627234319,12.34222982222323,0.006163435075343133,1.0,,,,,,,,,,,,,,,,,,,,,,,,,,,,,,,,,,,,,,,,,,,,,,,,,,,,,,,,,,,,,,,0.09259259259259259,0.024390243902439025,,,,,,,,,,,,,,,,,,,,,,,,,,,,,0.11235955056179775,0.03225806451612903,,,,,,,,,,,,,,,,,,,,,,,,,,,,,,,,,,
environment,66,12,0.010724731881702957,27.01842328846379,0.016804336886195075,3.0,,,,,,,,,,,,,,,,,,,,,,,0.07500000000000001,,0.05,,,,,,,,,,,0.05,,,,,,,,0.07500000000000001,,,,,,,0.0967741935483871,,,,,,,0.5106382978723404,,0.0967741935483871,0.5106382978723404,,0.47222222222222215,,,,,,,,,,,,,,,,,,,0.05,,0.5384615384615383,,,,,,,,,0.5730337078651685,,,,,,,,,,,,,,,,,,,,,,,,,,,,,,,,,,,
ethics,41,12,0.006662333441663958,14.00034726075168,0.0115789744570786,5.0,,,,,,,,,,,,,,,,,,,0.3,,,,0.37500000000000006,,,,,,0.1388888888888889,,,,,,,,,,,,,,,0.37500000000000006,,,,,,,,,,,,,0.08928571428571427,,,,,,0.5555555555555556,,,,,,0.08928571428571427,,,,,0.1388888888888889,,,,,,,,,,,,,,,,,,,0.5056179775280899,,,,,,0.08928571428571427,,,,0.1388888888888889,,,,,,,,,,,,,,,,,,,0.3472222222222222,,,,,,
europeanUnion,30,16,0.004874878128046799,3.737298684576074,0.006032354464176819,1.0,,,,,,,,,,,0.02702702702702703,,,,,,,,,,0.08333333333333333,,,,0.016666666666666666,0.02857142857142857,,,,0.024390243902439025,,,,,,,,,,,,,,,,,,,,,,,0.06666666666666667,,,,,,,,,0.0196078431372549,,,,0.06666666666666667,,,,,0.05,,,,0.09302325581395349,,,,,,,,,,0.0196078431372549,,,0.041666666666666664,,,,,,,,0.06666666666666667,,,,,0.05,,,0.09302325581395349,,,,,,,,,,,,,,,,,0.0125,,,,,,,
extremeLeft,13,10,0.0021124471888202797,2.8342086975841307,0.003007865154992637,1.0,,,,,,,,,0.02127659574468085,,,,0.011764705882352941,,,0.024390243902439025,,,,,,,,,,,,,,,,,,,,,,,,,,,,,,,0.02127659574468085,,,,,,,,,,0.03571428571428571,,0.01098901098901099,,,,,,,,,,0.03571428571428571,0.01098901098901099,,,,,,,,,,,,,,,,,,,,,,,,,,,,,0.03571428571428571,0.01098901098901099,,,,,,,,,,,,,,,,,,,,,,,,,,,,
extremeRight,18,9,0.0029249268768280793,9.780532289569235,0.004767890293907655,1.0,,,,,,,,,,,,,,,,,,,,,,,,,,,,,,,,,,,,,,,,,,,,,,,,,,,,,0.08888888888888889,0.023809523809523808,,,,,0.01098901098901099,,,,,,,0.08888888888888889,0.023809523809523808,,,0.01098901098901099,,,,,,,,,,,,,,,,,,,,,,,,,,0.08888888888888889,0.023809523809523808,,,0.01098901098901099,,,,,,,,,,,,,,,,,,,,,,,,,,,,
fbiMisconduct,21,8,0.0034124146896327592,8.280777343136036,0.0056684322157893,5.0,,,,,,,,,,,,,,,,,,,,,,,,,,,,0.5263157894736842,,,,,,,,,,,,,,,,,,,,,,,,,0.11111111111111112,,,,,,0.1098901098901099,,,,,,,0.11111111111111112,,,,0.1098901098901099,,,0.5263157894736842,,,,,,,,,,,,,,,,,,,,,,,0.11111111111111112,,,,0.1098901098901099,,,,,,,,,,,,,,,,,,,,,,,,,,,,
foreignLeader,88,21,0.014299642508937277,9.116920540497366,0.01758497025717572,1.0,,0.14893617021276595,,,0.046875,,,,0.06382978723404255,,,,,,,,,,,,,,,,,0.14285714285714285,,,,,,,,,,,0.014925373134328358,,0.14893617021276595,,,0.046875,,,,,0.06382978723404255,,,,,,,,,0.01694915254237288,,,0.07692307692307693,,,0.11764705882352941,,0.024390243902439025,,,,,,0.07692307692307693,,,,,,,,,,,,,0.014925373134328358,,0.11764705882352941,,,0.020833333333333332,,,,,,0.03225806451612903,,,,,,0.07692307692307693,,,,,,,,,,,,,,,0.015384615384615385,,,,,,0.1375,,,0.2,,,,
foreignNation,27,15,0.004387390315242119,8.48683182556916,0.006658422300248299,1.0,,,,0.02127659574468085,0.03125,,,,,,,,,,,,,,,,,,,,,,,,,,,,,,,,,,,,0.02127659574468085,0.03125,,,,,,,,,,,,,,0.03389830508474576,,,,,,,,0.04878048780487805,,,,,,,,,,,,,,,,,,,,,,,,0.020833333333333332,,0.02702702702702703,,,,,,,,,,,,,,,,,,,0.07142857142857142,0.1111111111111111,,0.039473684210526314,,,,,0.058823529411764705,,,,0.025,,,0.03333333333333333,,0.07142857142857142,,
foreignTrade,28,15,0.0045498862528436795,12.64325981788721,0.007924416525441168,5.0,,,0.2884615384615385,,,,,,0.10638297872340426,,,,,,,,,,,,,,,,,,,,,,,0.14285714285714285,,,,,,,,0.2884615384615385,,,,,,,0.10638297872340426,,,,,,,,,,,,,,,0.29411764705882354,0.046296296296296294,,,,,,,,,,,,,,0.14285714285714285,,,,,,,,0.29411764705882354,,0.5357142857142857,0.10416666666666666,,,,,0.056179775280898875,,,,,,,,,,,,,,,,,,,,,,,0.11363636363636365,,,,,0.0625,,,,,,,0.5357142857142857
formerPresident,44,20,0.0071498212544686395,11.224130510145235,0.009737520723212266,1.0,,0.0851063829787234,,,,,,,,,,,,,,,,,,,,,,,,,,,,,0.023529411764705882,,,,,,0.029850746268656716,,0.0851063829787234,,,,,,,,,,0.18518518518518517,,,,,,,,,0.02127659574468085,,,0.02127659574468085,,,,,,,,,,0.05,,,,,0.023529411764705882,,0.18518518518518517,,,,,0.029850746268656716,0.02564102564102564,,0.022727272727272728,,,,,,,,,,,,,,,0.05,,,,0.023529411764705882,,,,,,,,,,0.015384615384615385,0.03409090909090909,0.029411764705882353,,,,0.037500000000000006,,,,,,0.022727272727272728,
gerrymandering,30,6,0.004874878128046798,5.066357403840299,0.007005086986686645,1.0,,,,,,,,0.046153846153846156,,,,,,,,,0.10344827586206896,,,,,,,,,,,,,,,,,,,,,,,,,,,,,0.046153846153846156,,,,,,,,0.14285714285714285,,,,,,,,,,,,,0.14285714285714285,,,,,,,,,,,,,,,,,,,,,,,,,,,,,,0.14285714285714285,,,,,,,,,,,,,,,,,,,,,,,,,,,,,,,
government,229,80,0.03721156971075724,25.9449519618055,0.03708823924093855,1.0,0.13333333333333333,0.10638297872340426,,,0.015625,,,0.015384615384615385,0.02127659574468085,,,0.0819672131147541,0.047058823529411764,0.05434782608695652,0.05555555555555555,0.04878048780487805,0.017241379310344827,,0.04,,0.041666666666666664,0.023809523809523808,0.22499999999999998,0.005813953488372093,0.05,,,0.03508771929824561,0.08333333333333333,,0.047058823529411764,0.02857142857142857,0.22580645161290322,,0.05454545454545454,,0.04477611940298507,0.13333333333333333,0.10638297872340426,,,0.015625,,0.22499999999999998,,0.015384615384615385,0.02127659574468085,,,0.13636363636363635,,,,0.047619047619047616,0.023255813953488372,,0.03571428571428571,0.0425531914893617,0.03296703296703297,,0.0425531914893617,,0.06481481481481481,,,,0.047619047619047616,0.023255813953488372,0.03571428571428571,0.03296703296703297,0.2,,0.03508771929824561,0.08333333333333333,0.046511627906976744,0.047058823529411764,0.02857142857142857,,0.22580645161290322,,0.05454545454545454,,0.04477611940298507,0.05128205128205128,,0.06818181818181818,,0.10416666666666666,0.16666666666666666,0.02702702702702703,,0.06329113924050633,0.06741573033707865,,,,0.047619047619047616,0.023255813953488372,0.03571428571428571,0.03296703296703297,0.2,,0.08333333333333333,0.046511627906976744,0.047058823529411764,0.10714285714285714,0.05128205128205128,,0.07142857142857142,,0.030303030303030304,0.013157894736842105,,,0.015384615384615385,0.022727272727272728,0.014705882352941176,,,0.0125,0.037500000000000006,0.05555555555555555,,0.03333333333333333,,0.14285714285714285,0.06818181818181818,
governmentProgram,9,6,0.0014624634384140399,4.941418667231999,0.0023599652268495317,1.0,,,,,,,,,,,,,,,,0.024390243902439025,,,,,,,0.025,,,,0.15384615384615385,,,,,,,,,,,,,,,,,0.025,,,,,,,,,,,,,,,,,,,,,,,,,,,,0.15384615384615385,,,,,,,,,,,,,,,,,,,,,,,,,,,,,,0.15384615384615385,,,,,,,,,,,,,,,,,,,,,,,,,,
guns,69,17,0.011212219694507638,15.688427922657572,0.01641781209133646,10.0,,,,,,,,,0.6382978723404255,,2.7027027027027026,,0.11764705882352941,,,,,4.444444444444445,,,,,,0.05813953488372093,,,1.5384615384615385,,1.666666666666667,,,,,,,,,,,,,,,,,,0.6382978723404255,,,,1.2903225806451613,,,,,,,,0.1098901098901099,1.2903225806451613,,,,,,,,,,0.1098901098901099,,1.5384615384615385,,1.666666666666667,,,,,,,,,,,,,,,,,,,,,,,,,,0.1098901098901099,,1.5384615384615385,1.666666666666667,,,,,,,,,,,,,,,,,,,,,,,,,
healthcare,20,14,0.003249918752031199,6.696446118768504,0.004812172251159871,5.0,,,,,,,,,,,,0.4098360655737705,,0.05434782608695652,0.06944444444444445,,,,,,,0.11904761904761904,,,,,,,,,,,0.16129032258064516,,,,0.07462686567164178,,,,,,,,,,,,,0.2272727272727273,0.08064516129032258,,,,,,,,,0.08064516129032258,,,,,,,,,,,0.5,,,,,,,,0.16129032258064516,,,,0.07462686567164178,,,,,,0.20833333333333331,,,,,,,,,,,,0.5,,,,,,,,,,,,,,,,,,,,,,,,,,,
immigration,133,33,0.021611959701007474,20.956970809376596,0.027548331650583787,5.0,,,,,,,,,0.2127659574468085,,,,0.11764705882352941,,,0.3658536585365854,,,,,,,,0.23255813953488372,0.08333333333333333,,1.153846153846154,,0.1388888888888889,,,,,,,,,,,,,,,,,,0.2127659574468085,,,,0.16129032258064516,,,,0.11627906976744186,,,,0.05494505494505495,0.16129032258064516,,,,,,,,0.11627906976744186,,0.05494505494505495,,1.153846153846154,,0.1388888888888889,,,,,,,,,,,,1.3636363636363635,1.4285714285714284,,,,1.25,,,,,,,0.11627906976744186,,0.05494505494505495,,1.153846153846154,0.1388888888888889,,,,,,0.7142857142857142,0.5555555555555556,1.2121212121212122,,,,0.15384615384615385,,1.25,0.5952380952380952,,,0.0625,,,,,1.25,1.3636363636363635,1.4285714285714284
independent,16,4,0.0025999350016249595,3.737298684576074,0.00454824576823691,1.0,,,,,,,,,,,,,0.047058823529411764,0.021739130434782608,,,,,,,,,,,,,,,,,,,,,,,,,,,,,,,,,,,,,0.08064516129032258,,,,,,,,,0.08064516129032258,,,,,,,,,,,,,,,,,,,,,,,,,,,,,,,,,,,,,,,,,,,,,,,,,,,,,,,,,,,,,,,,,,,,
intelligence,54,21,0.008774780630484237,10.416016036384148,0.011125178290313373,1.0,,,,0.02127659574468085,0.078125,,,,,,,,,,,,,,,,0.125,,,,,,,0.03508771929824561,,0.024390243902439025,0.058823529411764705,,,,,,0.029850746268656716,,,,0.02127659574468085,0.078125,,,,,,,,,,,0.022222222222222223,,,,,,,,,,,,,0.022222222222222223,,,,,,,0.03508771929824561,,0.06976744186046512,0.058823529411764705,,,,,,,0.029850746268656716,,,,,0.020833333333333332,,,,,,,,0.022222222222222223,,,,,,,,0.06976744186046512,0.058823529411764705,,,,,,,,,,,,,,,,0.0375,,,0.06666666666666667,,,,
internationalPolitics,200,39,0.032499187520312,36.41201095366245,0.040715339677943975,1.0,,0.02127659574468085,,,,0.08333333333333333,,,,,0.05405405405405406,,0.011764705882352941,,,,0.017241379310344827,,,,0.20833333333333331,,,0.005813953488372093,0.03333333333333333,,,,0.027777777777777776,0.2682926829268293,0.35294117647058826,,,,,,,,0.02127659574468085,,,,0.08333333333333333,,,,,,,,0.016129032258064516,,0.044444444444444446,,,0.01694915254237288,,,0.05494505494505495,0.016129032258064516,,0.058823529411764705,,0.04878048780487805,,0.044444444444444446,,,,0.05494505494505495,,,,0.027777777777777776,0.3023255813953488,0.35294117647058826,,,,,,,,,0.058823529411764705,,,0.12499999999999999,,0.013513513513513514,,0.012658227848101266,,0.03225806451612903,,0.044444444444444446,,,,0.05494505494505495,,,0.027777777777777776,0.3023255813953488,0.35294117647058826,,0.02564102564102564,,,,0.030303030303030304,,,,,,,,,,0.075,,,0.1,,,,
judicial,397,86,0.06451088722781927,81.49661723160216,0.0766175046366242,1.0,0.3333333333333333,,0.2115384615384615,0.1276595744680851,0.140625,,0.2894736842105263,0.1076923076923077,,0.18604651162790697,0.08108108108108109,0.09836065573770493,,0.010869565217391304,0.013888888888888888,0.024390243902439025,0.22413793103448276,0.1111111111111111,0.04,0.05128205128205128,,0.023809523809523808,0.025,0.005813953488372093,0.03333333333333333,,0.07692307692307693,0.14035087719298245,0.027777777777777776,,0.011764705882352941,0.17142857142857143,0.03225806451612903,,,0.18333333333333332,0.04477611940298507,0.3333333333333333,,0.2115384615384615,0.1276595744680851,0.140625,,0.025,0.2894736842105263,0.1076923076923077,,0.18604651162790697,,,,0.125,0.022222222222222223,0.09523809523809523,0.2325581395348837,,0.07142857142857142,0.06382978723404255,0.02197802197802198,,0.06382978723404255,,0.009259259259259259,,0.125,0.022222222222222223,0.09523809523809523,0.2325581395348837,0.07142857142857142,0.02197802197802198,,0.07692307692307693,0.14035087719298245,0.027777777777777776,,0.011764705882352941,0.17142857142857143,,0.03225806451612903,,,0.18333333333333332,0.04477611940298507,,,0.25,0.03571428571428571,0.020833333333333332,0.041666666666666664,,0.07500000000000001,,0.011235955056179775,,0.125,0.022222222222222223,0.09523809523809523,0.2325581395348837,0.07142857142857142,0.02197802197802198,,0.07692307692307693,0.027777777777777776,,0.011764705882352941,0.10714285714285714,,0.14285714285714285,,0.3333333333333333,0.12121212121212122,0.15789473684210525,,0.1282051282051282,,,0.08823529411764706,0.16666666666666666,,,,,0.14285714285714285,,0.3409090909090909,,0.25,0.03571428571428571
lawEnforcement,60,30,0.009749756256093596,5.316234877056899,0.008555544937617026,1.0,,,,0.02127659574468085,0.046875,,0.02631578947368421,,,,,,,,,,,,,,,,,,,,,0.10526315789473684,,,0.023529411764705882,,,,,,0.014925373134328358,,,,0.02127659574468085,0.046875,,,0.02631578947368421,,,,,,,0.125,0.022222222222222223,,0.023255813953488372,,0.05357142857142857,,0.01098901098901099,,,,,,0.125,0.022222222222222223,,0.023255813953488372,0.05357142857142857,0.01098901098901099,,,0.10526315789473684,,,0.023529411764705882,,,,,,,0.014925373134328358,,,,,,,,,,,,0.125,0.022222222222222223,,0.023255813953488372,0.05357142857142857,0.01098901098901099,,,,,0.023529411764705882,,,,,,,,0.12121212121212122,,,0.022727272727272728,,,,,,,,,,,,
media,137,63,0.022261943451413708,28.647382498251027,0.02939782879818893,1.0,,,,0.02127659574468085,,0.08333333333333333,0.13157894736842105,,0.02127659574468085,0.023255813953488372,0.02702702702702703,0.0819672131147541,0.023529411764705882,0.021739130434782608,,0.024390243902439025,,0.05555555555555555,0.04,0.05128205128205128,,0.023809523809523808,0.025,0.01744186046511628,0.06666666666666667,,,,,,0.011764705882352941,,0.0967741935483871,0.025,0.09090909090909091,0.016666666666666666,0.029850746268656716,,,,0.02127659574468085,,0.08333333333333333,0.025,0.13157894736842105,,0.02127659574468085,0.023255813953488372,,0.09090909090909091,,,0.022222222222222223,0.023809523809523808,0.023255813953488372,0.0847457627118644,,,,,,0.0196078431372549,0.018518518518518517,,,0.022222222222222223,0.023809523809523808,0.023255813953488372,,,,,,,,0.011764705882352941,,,0.0967741935483871,0.025,0.09090909090909091,0.016666666666666666,0.029850746268656716,,0.0196078431372549,,,,,0.04054054054054054,,0.02531645569620253,0.011235955056179775,,,0.022222222222222223,0.023809523809523808,0.023255813953488372,,,,,,,0.011764705882352941,,,0.07142857142857142,0.14285714285714285,,,,0.06060606060606061,,0.06153846153846154,0.045454545454545456,0.029411764705882353,0.047619047619047616,,0.23750000000000002,,0.013888888888888888,,0.03333333333333333,,,,
middleEast,35,9,0.0056873578160545986,4.589236149120637,0.007524627875436794,1.0,,,,,,,,,,,,,,,,,,,,,,,,,,,,,0.05555555555555555,0.024390243902439025,,,,,,,,,,,,,,,,,,,,,,,,,,0.13559322033898305,,,,,,,,0.1951219512195122,,,,,,,,,,0.05555555555555555,,,,,,,,,,,,,,0.020833333333333332,,,,,,0.22580645161290322,,,,,,,,,0.05555555555555555,,,,0.10256410256410256,,,,,,,,,,,,,,,,,,,,,
northSouthKorea,22,8,0.003574910627234319,4.941418667231998,0.005061387202257328,1.0,,0.1702127659574468,,,,,,,0.02127659574468085,,,,,,,,,,,,,,,,,,,,,0.024390243902439025,,,,,,,0.014925373134328358,,0.1702127659574468,,,,,,,,0.02127659574468085,,,,,,,,,,,,,,,,,,,,,,,,,,,,,,,,,,,,0.014925373134328358,,,,,0.020833333333333332,,,,,,,,,,,,,,,,,,,,,,,,,,,,,,,,,,,,,,,,
opinionPolls,41,13,0.00666233344166396,14.37516347057658,0.009575177510612837,4.0,,,,,,,,,0.0851063829787234,,,,,,,,,,,,,,,,,,,,,,,,,,,,0.11940298507462686,,,,,,,,,,0.0851063829787234,,,,0.5806451612903225,,,,0.09302325581395349,,,,0.17582417582417584,0.5806451612903225,,,,,,,,0.09302325581395349,,0.17582417582417584,,,,,,,,,,,,,0.11940298507462686,,,,,,,,,,,,,,,0.09302325581395349,,0.17582417582417584,,,,,,,,,,,,,,,,,,,,0.1,,,,,,,,
presidentDonaldTrump,503,99,0.08173545661358465,1.4406334943145431,0.01030663235547508,0.2,0.04666666666666667,0.01276595744680851,0.023076923076923078,0.021276595744680854,,0.016666666666666666,0.042105263157894736,0.0030769230769230774,0.04680851063829788,0.041860465116279076,0.02702702702702703,0.006557377049180329,,0.006521739130434783,0.030555555555555558,,,,,0.010256410256410256,,0.04285714285714286,0.005000000000000001,0.004651162790697674,0.016666666666666666,0.05714285714285714,0.03076923076923077,0.010526315789473684,0.06666666666666667,,,,0.03870967741935484,0.03,0.025454545454545452,0.02666666666666667,0.029850746268656716,0.04666666666666667,0.01276595744680851,0.023076923076923078,0.021276595744680854,,0.016666666666666666,0.005000000000000001,0.042105263157894736,0.0030769230769230774,0.04680851063829788,0.041860465116279076,0.037037037037037035,0.02727272727272727,,,0.022222222222222223,0.009523809523809525,0.004651162790697674,0.006779661016949153,0.007142857142857143,,0.02857142857142857,,,0.05490196078431373,0.005555555555555556,,,0.022222222222222223,0.009523809523809525,0.004651162790697674,0.007142857142857143,0.02857142857142857,0.010000000000000002,0.03076923076923077,0.010526315789473684,0.06666666666666667,,,,0.037037037037037035,0.03870967741935484,0.03,0.025454545454545452,0.02666666666666667,0.029850746268656716,,0.05490196078431373,0.004545454545454546,0.04285714285714286,0.008333333333333333,0.05,0.01891891891891892,0.005000000000000001,0.002531645569620253,0.0044943820224719105,,,0.022222222222222223,0.009523809523809525,0.004651162790697674,0.007142857142857143,0.02857142857142857,0.010000000000000002,0.03076923076923077,0.06666666666666667,,,0.014285714285714285,0.010256410256410256,0.07142857142857144,0.02857142857142857,0.044444444444444446,,0.002631578947368421,0.018181818181818184,0.046153846153846156,0.01230769230769231,0.009090909090909092,0.014705882352941178,0.009523809523809525,0.025,0.005000000000000001,0.025,,0.02857142857142857,0.04000000000000001,,0.02857142857142857,0.004545454545454546,0.04285714285714286
privacy,21,17,0.003412414689632759,7.8548086108637545,0.004746130264946129,1.0,,,,,,,,,0.02127659574468085,,,,,,,,,,,,,,,,0.016666666666666666,,0.07692307692307693,,,,0.011764705882352941,,,,0.05454545454545454,,,,,,,,,,,,0.02127659574468085,,,,,,,,,,,,0.01098901098901099,,,,,,,,,,,0.01098901098901099,,0.07692307692307693,,,,0.011764705882352941,,,,,0.05454545454545454,,,,,0.022727272727272728,,,,,,,,,,,,,,0.01098901098901099,,0.07692307692307693,,,0.011764705882352941,,,,,,0.030303030303030304,,,,,,,,,,,,,,,,0.022727272727272728,
racialTension,72,17,0.011699707507312316,19.612217101585852,0.0189497489527431,5.0,,,,,,,,,,,,,,,,0.12195121951219512,,,,,,,0.125,,,,,,,,,,,,,,,,,,,,,0.125,,,,,,,0.24193548387096775,,,,0.11627906976744186,,1.5178571428571423,,0.1098901098901099,0.24193548387096775,,,,,,,,0.11627906976744186,1.5178571428571423,0.1098901098901099,,,,,,,,,,,,,,,,0.11363636363636365,,,,,,,,,,,,0.11627906976744186,1.5178571428571423,0.1098901098901099,,,,,,,,,,,,,,,,,,,,,,,0.11904761904761904,,,,0.11363636363636365,
religion,4,4,0.0006499837504062399,3.612359947967774,0.0011739876333986916,5.0,,,,,,,,,,,,,,,,,,,,,,,,,,,,,,,,,,,,,,,,,,,,,,,,,,,,,,,,,,,,,,,0.046296296296296294,,,,,,,,,,,,,,,,,,,,,,,,0.17857142857142855,,,,,,0.056179775280898875,,,,,,,,,,,,,,,,,,,,,,,,,,,,,,,,,,,0.17857142857142855
republican,165,43,0.026811829704257377,38.933836974278755,0.027755833167096882,0.2,,,,,,0.025,,0.03384615384615385,0.00851063829787234,,0.010810810810810811,,,0.013043478260869566,0.016666666666666666,,0.013793103448275862,,,0.005128205128205128,,,0.015000000000000003,0.011627906976744186,0.016666666666666666,,,0.010526315789473684,,,,,,,,,0.01791044776119403,,,,,,0.025,0.015000000000000003,,0.03384615384615385,0.00851063829787234,,0.037037037037037035,,0.025806451612903226,,,0.01904761904761905,,,0.007142857142857143,,0.006593406593406594,0.025806451612903226,,,0.005555555555555556,,,,0.01904761904761905,,0.007142857142857143,0.006593406593406594,,,0.010526315789473684,,,,,0.037037037037037035,,,,,0.01791044776119403,,,0.004545454545454546,0.007142857142857143,0.004166666666666667,,0.021621621621621623,,,0.006741573033707865,,,,0.01904761904761905,,0.007142857142857143,0.006593406593406594,,,,,,,,,,,,,,,0.0030769230769230774,,0.0029411764705882353,,,,,0.002777777777777778,,,,,0.004545454545454546,0.007142857142857143
russiaElectionInterference,509,54,0.08271043223919401,50.06633577845012,0.09385075874396802,5.0,,,,2.234042553191489,2.8125,,0.2631578947368421,,0.10638297872340426,,,,,,,,,,0.2,,0.41666666666666663,,,,,0.5714285714285714,,0.8771929824561403,0.1388888888888889,1.4634146341463417,0.8235294117647061,,,0.125,0.09090909090909091,2.166666666666667,0.5223880597014925,,,,2.234042553191489,2.8125,,,0.2631578947368421,,0.10638297872340426,,,,,0.3125,2.333333333333333,,,,0.26785714285714285,,0.6593406593406593,,,0.8823529411764706,,,0.3125,2.333333333333333,,,0.26785714285714285,0.6593406593406593,,,0.8771929824561403,0.1388888888888889,1.2790697674418605,0.8235294117647061,,,,0.125,0.09090909090909091,2.166666666666667,0.5223880597014925,,0.8823529411764706,,,1.3541666666666665,,,,0.06329113924050633,,,0.3125,2.333333333333333,,,0.26785714285714285,0.6593406593406593,,,0.1388888888888889,1.2790697674418605,0.8235294117647061,1.7857142857142856,,1.4285714285714284,,,,2.171052631578947,,,,0.5113636363636364,,,0.125,0.125,0.49999999999999994,0.1388888888888889,,,,,,
terrorism,35,8,0.005687357816054599,8.61177056217746,0.008359689155752227,5.0,,,,,,,,,,,,,,,,,,,,,,,,,,,,,0.1388888888888889,,,,,,,,,,,,,,,,,,,,,,,,,,,0.3389830508474576,,,,,,,,1.3414634146341464,,,,,,,,,,0.1388888888888889,,,,,,,,,,,,,,,,,,,,1.4516129032258063,,,,,,,,,0.1388888888888889,,,,0.7692307692307693,,,,,,,,,,,,,,,,,,0.2272727272727273,,,
tragedy,3,3,0.0004874878128046799,1.630088714928206,0.0007946483823179425,1.0,,,,,,,,,,,,,,,,,,,,,,,,,,,,,,,,,,,,,,,,,,,,,,,,,,,,,,,,,0.017857142857142856,,,,,,,,,,,,0.017857142857142856,,,,,,,,,,,,,,,,,,,,,,,,,,,,,,0.017857142857142856,,,,,,,,,,,,,,,,,,,,,,,,,,,,,
trumpFamily,24,6,0.003899902502437439,5.066357403840299,0.006414415287030925,1.0,,,,,,,,,,,,,,,,,,,0.22,,,,,,,,,,,,,,,,,,0.014925373134328358,,,,,,,,,,,,0.18518518518518517,,,,,,,,,,,,,,,,,,,,,,,,,,,,,0.18518518518518517,,,,,0.014925373134328358,,,,,,,,,,,,,,,,,,,,,,,,,,,,,,,,,,,,0.025,,,,,,,,,
trumpImpeachment,6,6,0.0009749756256093598,3.311329952303793,0.001565316844531589,5.0,0.16666666666666666,,,,,,,,0.10638297872340426,,,,,,,,,,,,,,,,,,,,,,,,,,,,0.07462686567164178,0.16666666666666666,,,,,,,,,0.10638297872340426,,,,,,,,,,,,,,,,,,,,,,,,,,,,,,,,,,,,0.07462686567164178,,,,,,,,,,,,,,,,,,,,,,,,,,,,,,,,,,,,,,,,,,,,,
trumpStaff,426,82,0.06922326941826452,40.10489726166474,0.07512830092130968,1.0,0.06666666666666667,0.0425531914893617,0.2692307692307692,0.1276595744680851,,0.41666666666666674,0.02631578947368421,0.1076923076923077,,0.23255813953488375,,0.01639344262295082,,,0.013888888888888888,0.024390243902439025,,,0.12,0.05128205128205128,0.041666666666666664,0.2857142857142857,,0.040697674418604654,0.03333333333333333,0.17142857142857143,,0.10526315789473684,0.08333333333333333,0.024390243902439025,0.011764705882352941,0.02857142857142857,0.25806451612903225,,,0.15,0.11940298507462686,0.06666666666666667,0.0425531914893617,0.2692307692307692,0.1276595744680851,,0.41666666666666674,,0.02631578947368421,0.1076923076923077,,0.23255813953488375,,0.2727272727272727,,0.4375,0.022222222222222223,,,0.06779661016949153,,0.0851063829787234,0.05494505494505495,,0.0851063829787234,0.058823529411764705,0.30555555555555547,,0.4375,0.022222222222222223,,,,0.05494505494505495,0.5,,0.10526315789473684,0.08333333333333333,0.023255813953488372,0.011764705882352941,0.02857142857142857,,0.25806451612903225,,,0.15,0.11940298507462686,0.05128205128205128,0.058823529411764705,0.022727272727272728,,,0.37500000000000006,,0.025,,0.3033707865168539,,0.4375,0.022222222222222223,,,,0.05494505494505495,0.5,,0.08333333333333333,0.023255813953488372,0.011764705882352941,,,,0.07142857142857142,,0.06060606060606061,0.02631578947368421,0.303030303030303,0.10256410256410256,0.12307692307692308,0.022727272727272728,,,0.07500000000000001,0.037500000000000006,0.05,0.05555555555555555,,0.06666666666666667,0.045454545454545456,,0.022727272727272728,
unitedStates,266,78,0.04322391940201494,27.734532673969927,0.03760083619956599,0.01,0.0006666666666666666,0.0002127659574468085,0.00019230769230769233,,,,0.0010526315789473684,0.0013846153846153847,0.0002127659574468085,,0.0002702702702702703,,0.00035294117647058826,0.0002173913043478261,0.0001388888888888889,0.00048780487804878054,0.0012068965517241382,,,,0.00125,,0.0005,0.0003488372093023256,0.00016666666666666666,0.00028571428571428574,,0.0003508771929824561,,,0.001647058823529412,0.0014285714285714286,,0.0007500000000000001,0.0003636363636363636,0.00016666666666666666,,0.0006666666666666666,0.0002127659574468085,0.00019230769230769233,,,,0.0005,0.0010526315789473684,0.0013846153846153847,0.0002127659574468085,,0.00037037037037037035,,,,,0.0014285714285714286,0.0006976744186046512,0.001016949152542373,0.00017857142857142857,0.000851063829787234,0.00032967032967032967,,0.000851063829787234,0.0005882352941176471,0.0002777777777777778,0.0012195121951219512,,,0.0014285714285714286,0.0006976744186046512,0.00017857142857142857,0.00032967032967032967,,,0.0003508771929824561,,0.0016279069767441861,0.001647058823529412,0.0014285714285714286,0.00037037037037037035,,0.0007500000000000001,0.0003636363636363636,0.00016666666666666666,,0.0010256410256410256,0.0005882352941176471,,,0.00041666666666666664,,0.00040540540540540544,0.0005,0.00025316455696202533,0.00033707865168539324,0.000967741935483871,,,0.0014285714285714286,0.0006976744186046512,0.00017857142857142857,0.00032967032967032967,,,,0.0016279069767441861,0.001647058823529412,0.00035714285714285714,0.0010256410256410256,,,,0.0015151515151515152,0.00013157894736842105,,,0.0003076923076923077,,0.0007352941176470588,0.0002380952380952381,,0.0005,0.00025,,,0.0006666666666666666,0.00045454545454545455,,,
violenceCrime,118,34,0.019174520636984067,30.695614607939557,0.025048364819702393,2.0,,,,0.0851063829787234,0.09375,,0.21052631578947367,,,,,,0.023529411764705882,,,,,,,,,,,,,,,,,,0.023529411764705882,,,,,0.1,0.029850746268656716,,,,0.0851063829787234,0.09375,,,0.21052631578947367,,,,,,,,0.044444444444444446,,0.41860465116279066,,0.28571428571428564,,,,,,,,,0.044444444444444446,,0.41860465116279066,0.28571428571428564,,,,,,,0.023529411764705882,,,,,,0.1,0.029850746268656716,,,0.45454545454545453,0.07142857142857142,,,,0.15000000000000002,0.0759493670886076,,,,0.044444444444444446,,0.41860465116279066,0.28571428571428564,,,,,,0.023529411764705882,0.14285714285714285,,,,,,0.02631578947368421,,,,,0.029411764705882353,,,,,0.027777777777777776,,,,0.07142857142857142,0.45454545454545453,0.07142857142857142
war,112,32,0.01819954501137471,32.727103863649305,0.025215629157838895,1.0,,0.1276595744680851,,,,,,,0.02127659574468085,,,,0.011764705882352941,,0.013888888888888888,,,,,,0.08333333333333333,,,,0.016666666666666666,0.02857142857142857,,,0.027777777777777776,0.04878048780487805,0.058823529411764705,,,,,,,,0.1276595744680851,,,,,,,,0.02127659574468085,,,,,,,,,0.11864406779661016,,,0.07692307692307693,,,0.09803921568627451,,0.2682926829268293,,,,,,0.07692307692307693,,,,0.027777777777777776,0.046511627906976744,0.058823529411764705,,,,,,,,,0.09803921568627451,,,0.041666666666666664,,,0.025,,,0.29032258064516125,,,,,,0.07692307692307693,,,0.027777777777777776,0.046511627906976744,0.058823529411764705,,0.07692307692307693,,,0.1111111111111111,,,,,,,,,0.05,,0.0125,,,,,,,
