concept,t_count,d_count,tf,idf,tf_idf,weight,DSI-0,DSI-1,DSI-2,DSI-3,DSI-4,DSI-5,DSI-6,DSI-7,DSI-8,DSI-9,DSI-10,DSI-11,DSI-12,DSI-13,DSI-14,DSI-15,DSI-16,DSI-17,DSI-18,DSI-19,DSI-20,DSI-21,DSI-22,DSI-23,DSI-24,DSI-25,DSI-26,DSI-27,DSI-28,DSI-29,DSI-30,DSI-31,DSI-32,DSI-33,DSI-34,DSI-35,DSI-36,DSI-37,DSI-38,DSI-39,DSI-40,DSI-41,DSI-42,DSI-43,DSI-44,DSI-45,DSI-46,DSI-47,DSI-48,DSI-49,DSI-50,DSI-51,DSI-52,DSI-53,DSI-54,DSI-55,DSI-56,DSI-57,DSI-58,DSI-59,DSI-60,DSI-61,DSI-62,DSI-63,DSI-64,DSI-65,DSI-66,DSI-67,DSI-68,DSI-69,DSI-70,DSI-71,DSI-72,DSI-73,DSI-74,DSI-75,DSI-76,DSI-77,DSI-78,DSI-79,DSI-80,DSI-81,DSI-82,DSI-83,DSI-84,DSI-85,DSI-86,DSI-87,DSI-88,DSI-89,DSI-90,DSI-91,DSI-92,DSI-93,DSI-94,DSI-95,DSI-96,DSI-97,DSI-98,DSI-99,DSI-100,DSI-101,DSI-102,DSI-103,DSI-104,DSI-105,DSI-106,DSI-107,DSI-108,DSI-109,DSI-110,DSI-111,DSI-112,DSI-113,DSI-114,DSI-115,DSI-116,DSI-117,DSI-118,DSI-119,DSI-120,DSI-121,DSI-122,DSI-123,DSI-124,DSI-125,DSI-126,DSI-127,DSI-128,DSI-129,DSI-130,DSI-131,DSI-132,DSI-133,DSI-134,DSI-135,DSI-136,DSI-137,DSI-138,DSI-139,DSI-140,DSI-141,DSI-142,DSI-143,DSI-144,DSI-145,DSI-146,DSI-147,DSI-148,DSI-149,DSI-150,DSI-151,DSI-152
UNKNOWN,6,5,0.0005151983513652757,1.4857214264815801,0.0007654412295113757,1.0,,,,,,,,,,,,,,,,,,,,,,,,,,,,,,,,,,,,,,,,,,,,,,,,,,,,,,,,,,,,,,,,,,,,,,,,,,,,,,,,,,,,,,,,,0.006134969325153374,,,,,,,,,,,,,,,,,,,,,0.015151515151515152,,,,,,,,,,,,,,,,,,,,,0.009708737864077669,0.011299435028248588,,,,,,,,,,,,,,,,0.00423728813559322,,,,,
china,22,4,0.0018890606216726774,3.2902016155875726,0.003054054962083273,1.0,,,,,,,,,,,,,,,,,,,,,,,,,,,,,,,,,,,,,,,,,0.011299435028248588,,,,,,,,,,,,,,,,,,,,,,,,,,,,,,,,,0.024154589371980676,,,,,,,0.12962962962962962,,,,,,,,,,,,,,,,,,,,,,,,,,,,,,,,,0.13333333333333333,,,,,,,,,,,,,,,,,,,,,,,,,,,,,,,,,,,,,,,
civilRights,100,20,0.008586639189421262,23.057934677715934,0.016027539988665983,4.0,0.6746987951807228,,,,,,1.6,,,,,,,,,,,,,,,,,,,,,,,,,,0.05555555555555555,0.024096385542168676,0.17391304347826086,,,,,0.08695652173913043,,,,,0.75,,,,,,,,,,,,0.05970149253731343,,,1.4117647058823528,,,,,,,,,,0.6896551724137931,,,,0.03864734299516908,,,,,,,,,,,,,,,,,,,,0.0625,,,,,,,,0.042105263157894736,0.3870967741935484,,,,,,0.0273972602739726,0.06060606060606061,,,,,,,,,,,,,,,,,,,,,,,,0.5789473684210527,,,0.03508771929824561,,,,,,,,0.2631578947368421,,0.8979591836734694,,,,,,
clintonScandal,7,5,0.0006010647432594882,5.775923042069152,0.0011385382328899401,1.0,,,,,,,,,,,,0.011494252873563218,,,,,,,,,,,,,,,,,,,,,,,,,,,,,,,,0.014705882352941176,,,,,,,,,,,,,,,0.015873015873015872,,,,,,,,,,,,,,0.00819672131147541,,,,,,,,,,,,,,,,,,,,,,,,,,,,,,,,,,,,,,,,,,,,,,,,,,,,,,,,,,,,,,,,,,,,,,,,,,,,,0.03125,,,
controversy,404,96,0.03469002232526189,47.78616225673936,0.04341355886583131,5.0,0.12048192771084337,,,0.026737967914438502,0.09615384615384616,,,0.06211180124223602,,,0.6923076923076923,,,0.3731343283582089,0.07246376811594203,0.023584905660377357,0.08620689655172414,,0.375,0.08064516129032258,0.19230769230769232,,,,,0.31746031746031744,,0.4736842105263157,,0.5555555555555556,0.8695652173913043,0.058823529411764705,,0.4819277108433735,,0.04807692307692308,,0.4285714285714286,,0.10869565217391304,0.02824858757062147,0.060240963855421686,,0.29411764705882354,0.15625,0.5059523809523809,0.6910569105691057,0.10869565217391304,0.660377358490566,,0.2898550724637681,,0.06944444444444445,,,0.15873015873015872,,,0.31746031746031744,0.19607843137254902,,0.08771929824561403,0.436046511627907,0.2727272727272727,0.5405405405405406,0.15789473684210525,0.8641975308641975,1.1904761904761905,0.12658227848101267,0.1724137931034483,,,1.7622950819672132,0.14492753623188406,0.2631578947368421,0.3642384105960266,0.29850746268656714,0.07462686567164178,,,,0.1724137931034483,,,,,,0.09090909090909091,0.15337423312883436,0.08771929824561403,0.23255813953488372,0.20833333333333331,0.3694581280788177,0.1171875,0.41284403669724773,0.16129032258064516,0.038461538461538464,0.2777777777777778,,,0.25,0.15789473684210525,0.16129032258064516,,0.3125,,0.04098360655737705,0.3333333333333333,0.136986301369863,0.15151515151515152,0.13157894736842105,,,,,,0.07042253521126761,,0.2272727272727273,0.11627906976744186,0.15625,0.09259259259259259,,1.4583333333333335,,,0.20833333333333331,0.49019607843137253,0.14705882352941177,0.043859649122807015,0.04854368932038834,0.05649717514124294,,,,,0.043859649122807015,0.6349206349206349,0.07692307692307693,0.08771929824561403,0.0625,,0.2,,0.06578947368421052,0.3571428571428571,0.1020408163265306,0.0847457627118644,0.05555555555555556,0.20833333333333331,0.6896551724137931,,0.23809523809523808
cyberSecurity,6,4,0.0005151983513652757,1.5826314394896364,0.0008153691084439137,2.0,,,,,,,,,0.10714285714285714,,,,,,,,,,,,,,,,,,,,,,,,,,,,,,,,,,,,,,,,,,,,,,,,,,,,,,,,,,,,,,,0.05,,,,,,,,,,,,,,,,,,,,,,,,,0.015384615384615385,,,,,,,,,,,,,,,,,,,,0.028169014084507043,,,,,,,,,,,,,,,,,,,,,,,,,,,,,,,,,,,,
democrat,182,47,0.015627683324746695,25.05229441036324,0.01890432354201554,0.2,0.0024096385542168677,,,,0.015384615384615385,,,,,0.02631578947368421,,0.0022988505747126436,0.002380952380952381,,0.002898550724637681,0.0018867924528301887,0.006896551724137931,,,,,,,,,0.0031746031746031746,,,,,,0.0011764705882352942,,,,,,,,,0.015819209039548025,,,0.0029411764705882353,,,,,,,,,0.011111111111111112,,,0.0031746031746031746,0.0029850746268656717,,0.0031746031746031746,,,,0.0011627906976744186,0.0018181818181818182,,,,,,0.0022988505747126436,,,0.004918032786885246,,,0.0006622516556291391,,,,,,,,,,,,,0.003680981595092025,0.007017543859649123,,,0.002955665024630542,,,,,,,0.005633802816901409,,,,,,,,,,0.009090909090909092,,,0.0018691588785046728,,,,,,,0.002325581395348837,,0.03333333333333333,,,,,,0.01568627450980392,0.014705882352941178,,0.011650485436893204,0.0011299435028248588,,0.005263157894736842,,0.008108108108108109,0.04035087719298246,,0.023076923076923078,0.0035087719298245615,,0.006896551724137931,0.008,,0.002631578947368421,0.0035714285714285713,,0.023728813559322038,0.006666666666666667,0.004166666666666667,0.006896551724137931,0.005405405405405406,
economy,224,69,0.01923407178430363,54.208202995819256,0.026717148280060523,5.0,0.060240963855421686,0.05555555555555556,,,,0.07936507936507936,,0.3416149068322981,0.17857142857142855,,,0.22988505747126436,0.7142857142857142,,,,0.1724137931034483,,,,,0.06097560975609756,,,0.09259259259259259,,,0.21052631578947367,,,0.10869565217391304,,0.06944444444444445,0.060240963855421686,,0.2403846153846154,0.4,0.5714285714285714,,0.10869565217391304,0.0847457627118644,,,,0.15625,,0.3252032520325204,0.21739130434782608,,,0.14492753623188406,,0.06944444444444445,0.058823529411764705,0.12195121951219512,0.47619047619047616,,,,,,,,0.09090909090909091,0.04504504504504504,0.05263157894736842,0.06172839506172839,,,,,,,0.04830917874396135,,,0.07462686567164178,,0.8333333333333335,0.057034220532319393,,,,,0.6422018348623854,,0.14285714285714285,,,,,0.06944444444444445,0.024630541871921183,,0.41284403669724773,,0.038461538461538464,,,,0.08333333333333333,0.05263157894736842,,,,0.18518518518518517,0.3688524590163934,0.25,0.10273972602739725,,,,,,0.38461538461538464,0.08264462809917356,0.07042253521126761,0.06944444444444445,0.2272727272727273,,,,,,0.13513513513513514,,1.25,,0.14705882352941177,0.08771929824561403,0.09708737864077668,,,0.06578947368421052,2.9787234042553195,,0.043859649122807015,,0.038461538461538464,,0.25,,0.4,0.041666666666666664,,0.08928571428571427,,0.0847457627118644,0.05555555555555556,0.3125,,0.40540540540540543,
education,153,28,0.013137557959814528,10.90417055174657,0.015249211101159841,3.0,,0.06666666666666667,,,,,,,,,,,,0.08955223880597014,,,,,,,,,,,2.111111111111111,,,0.09473684210526316,,0.1111111111111111,0.13043478260869565,,,0.14457831325301207,,,,0.17142857142857143,,0.06521739130434782,,0.03614457831325302,,,,,0.14634146341463417,0.13043478260869565,,,,,,,,,,,,,,0.8157894736842106,0.06976744186046512,,,0.031578947368421054,,,,,,,,0.02898550724637681,0.15789473684210525,,,,0.3125,,,,,,,,,,,,,0.041666666666666664,0.10344827586206896,,0.11009174311926606,,,,,,,0.06315789473684211,,,,,,0.1,,,,,,,,,,,0.13636363636363635,,0.28125,,,,,,,,,,,,,,,,,,,,,,,,0.039473684210526314,,0.7346938775510203,,,,,0.24324324324324326,
election,365,91,0.0313412330413876,35.1860537699901,0.02372968992226057,1.0,0.012048192771084338,0.022222222222222223,0.07142857142857142,0.026737967914438502,0.04487179487179487,0.015873015873015872,,,,0.13157894736842105,,,0.011904761904761904,0.014925373134328358,0.028985507246376812,0.0047169811320754715,0.2413793103448276,0.07058823529411765,0.05,,,0.09756097560975609,,,,0.047619047619047616,0.08333333333333333,,0.11881188118811882,,0.021739130434782608,0.058823529411764705,,0.01807228915662651,0.13043478260869565,0.009615384615384616,,,0.019230769230769232,,0.01694915254237288,,,0.029411764705882353,0.03125,,,,0.09433962264150943,0.05714285714285714,,,0.20833333333333334,,0.04878048780487805,,0.029850746268656716,,0.031746031746031744,,0.1917808219178082,,0.005813953488372093,0.03636363636363636,,0.031578947368421054,0.14814814814814814,0.047619047619047616,,0.022988505747126436,0.027777777777777776,,0.01639344262295082,0.043478260869565216,0.017543859649122806,0.0033112582781456954,,0.014925373134328358,0.020833333333333332,0.060836501901140684,,0.13793103448275862,0.06666666666666667,,0.01834862385321101,,,0.01818181818181818,0.012269938650306749,0.03508771929824561,,,0.029556650246305417,,0.009174311926605505,0.03225806451612903,0.09230769230769231,,,0.014084507042253521,0.016666666666666666,0.031578947368421054,,,0.1875,,,,0.00684931506849315,0.16666666666666663,,0.025,,,0.05128205128205128,,0.16901408450704228,0.013888888888888888,,0.023255813953488372,0.0625,0.05555555555555555,0.05263157894736842,0.041666666666666664,,,0.125,,,,0.11650485436893203,0.022598870056497175,,0.013157894736842105,,,0.07894736842105263,,0.11538461538461539,0.017543859649122806,0.0125,0.08620689655172414,0.08,0.008333333333333333,0.013157894736842105,0.05357142857142857,,0.06779661016949154,0.06666666666666667,0.03125,0.06896551724137931,0.013513513513513514,
energy,20,12,0.001717327837884252,7.136705731942433,0.002598745383630474,1.0,,,,,,,,,,,,,,,,,,,,,,,,,,,,,,,,,,,,0.019230769230769232,,,,,,,,,,,,,,,,,,,,0.015873015873015872,,,,,,,,,,,,,,,,,,0.00966183574879227,,,,,0.041666666666666664,0.0076045627376425855,,,,0.02631578947368421,,,,,,,,,,,,,,,,,,,,,,0.037037037037037035,0.01639344262295082,,,,,,,,,,,,,0.011627906976744186,,,,,,,,,0.029411764705882353,,,,,,,,,,,,,,,,,,,0.00423728813559322,0.03333333333333333,,,,
environment,62,11,0.005323716297441182,19.494731790064627,0.009843445802786626,3.0,0.03614457831325302,,,,,,,,,,,0.41379310344827586,,,,0.36792452830188677,,,,,,,,,,,,,,,,,,,,,,,,,,,,,,,,,,,,,,,,,,,,,,,,,,,,,,,,,,,,0.009933774834437087,,,,,,,,0.15789473684210525,0.027522935779816515,,,,,,,,,,,,,,,,,0.031578947368421054,,,,,0.04918032786885246,,,,,,,,,,,,,,,,,,,,,,0.1323529411764706,,,,,,,,,,,,,,,,,,,,0.3666666666666667,0.0625,,,
ethics,28,11,0.002404258973037953,7.136705731942433,0.003988647616802089,5.0,0.24096385542168675,,,,,,,0.03105590062111801,,,,,,,,,,,,,,,,,,,,,,,,,,,,,1.0,,,,,,0.14705882352941177,,,,,,,,,,,,,,,,,,0.136986301369863,,,,,,,,,,,,,,,,,,,,,,,0.5263157894736842,,,,,,,,,,,,,,,,0.07042253521126761,,,,,,0.5555555555555556,0.0819672131147541,,,,,,,,,,,,,,,,,,,,,,,,,,,,,,,,,,,,,,,,,0.0635593220338983,,0.10416666666666666,,,
europeanUnion,46,14,0.0039498540271337805,16.424679139215517,0.006272113906123954,1.0,,,,,,0.031746031746031744,,,,,,,,,,,,,,,,,,,,,,,,,,,,,,0.038461538461538464,,,,,,,,,,,,,,0.08571428571428572,,,,,,,,,,,,,,,,,,,0.08860759493670886,,,,,0.05314009661835749,,,,,,,,,0.06666666666666667,,,0.10526315789473684,,,,,,,,,,,,,,,,,,,,,0.01639344262295082,,0.00684931506849315,,,,,,,,0.014084507042253521,,,,,,,,,0.14285714285714285,,,,0.017543859649122806,,,,,,0.013513513513513514,,,,,0.0125,,,,,,,,,,,,
extremeLeft,20,9,0.001717327837884252,7.358554481558789,0.003047084611046132,1.0,,,,0.0053475935828877,,,,,,,,,,0.014925373134328358,,,,,,,,,,,,,,0.010526315789473684,,,,,,0.006024096385542169,,,,,,,,,,,,,,,,,,,,,,,,,,,,,,,,,,,,,,,,,,,,,,,,,,,,,,,,0.017543859649122806,,,,,,,,,,,,,,,,,,,0.0136986301369863,,,,,,,,,,,,,,,,,,,,,,0.04854368932038835,,,,,,0.017543859649122806,,,,,,,,,,,0.025423728813559324,,,,,
extremeRight,236,34,0.020264468487034174,33.6901216734291,0.024699209217075642,1.0,,0.03333333333333333,0.07142857142857142,0.0053475935828877,,,,,,,,,,0.08955223880597014,,,,,,0.04838709677419355,,,,,,0.015873015873015872,,0.17894736842105263,,0.25925925925925924,0.2391304347826087,,,0.16867469879518074,,,,0.2857142857142857,,0.10869565217391304,,,,,,,0.18699186991869918,0.13043478260869565,,,,,,,,,,,,,,,0.01744186046511628,,,,,,,,,,,,,,0.04477611940298507,,,,,,0.022222222222222223,,,,,,0.012269938650306749,,,0.25,0.019704433497536946,,0.1559633027522936,,,,,0.028169014084507043,0.06666666666666667,,,,,,,0.18333333333333332,0.0136986301369863,,,,,,0.07692307692307693,,,0.027777777777777776,,,,,,,,,,,,,0.02912621359223301,,,,,0.08108108108108109,,,0.015384615384615385,0.05263157894736842,0.25,,,,0.06578947368421052,,,0.00847457627118644,,,,,
fbiMisconduct,22,12,0.0018890606216726772,6.932585749286508,0.0031964736075977885,5.0,,,,,0.0641025641025641,,,,,,,,,,0.14492753623188406,,,,,,,,,,,,,,,,,,,,0.21739130434782608,,,,,,,,,,,,,,,,,,,,,,0.07462686567164178,,,,,,,,,,,,,,,0.125,0.04098360655737705,,,,,,,,,,0.11111111111111112,,,,,0.09090909090909091,0.24539877300613497,0.08771929824561403,0.23255813953488372,,,,,,,,0.20833333333333331,,,,,,,,,,,,,,,,,,,,,,,,,,,,,,,,,,,,,,,,,,,,,,,,,,,,,,
foreignLeader,65,20,0.005581315473123821,15.055927519670961,0.00785938731231519,1.0,,,,,,,,,,,,,,,,,,0.011764705882352941,,,,,,,,,,,,,,,,,,0.08653846153846154,,,,,,,,,,0.005952380952380952,,,,0.14285714285714285,,0.045454545454545456,,,,,,0.07142857142857142,,,,,,0.01818181818181818,,,,,0.05063291139240506,,,,,0.06763285024154589,,0.0033112582781456954,,,,0.0038022813688212928,0.09259259259259259,,,,,,,,,,,,,,,,0.015384615384615385,,,,,,,,,,,,,,,0.075,,,,0.05785123966942149,,,,,,,,,,,,,,0.02631578947368421,,,,,,,,,,,,0.017241379310344827,,0.016666666666666666,,,,,0.011111111111111112,,0.034482758620689655,,
foreignNation,100,26,0.008586639189421262,24.19340808586335,0.014744001044532069,1.0,,,,0.0053475935828877,,,,,,,,,,,,0.018867924528301886,,,,,,,0.04,,,,,,0.04950495049504951,,,,0.027777777777777776,,0.043478260869565216,,,,,,,,,,,0.011904761904761904,,,,,0.028985507246376812,,,,,,,0.07142857142857142,,,,,0.005813953488372093,,0.018018018018018018,,0.012345679012345678,,0.02531645569620253,,,,,0.0966183574879227,,0.03642384105960265,,,,0.030418250950570342,0.018518518518518517,,,,,,,,,,,,,0.1796875,,,,,,0.014084507042253521,,,,,,,,,,,0.02631578947368421,,,0.016666666666666666,,,,0.013888888888888888,,,,,,,,,,,,,,,,,,0.013513513513513514,,,,,,0.034482758620689655,0.04,0.025,,,,,,,,,
foreignTrade,44,17,0.003778121243345355,18.183401837760833,0.006549475510462375,5.0,,,,0.026737967914438502,,0.07936507936507936,,,,,0.15384615384615385,,,,,0.023584905660377357,,,,,,,,,,,,,,,,,,,,0.04807692307692308,,,,,0.02824858757062147,,,,,,,0.10869565217391304,,,,,,,,,,,,,,,,0.09090909090909091,,0.05263157894736842,,0.23809523809523808,,,,,,0.12077294685990338,,,,,,0.03802281368821293,0.09259259259259259,,,,,,,,,,,,,,,,,,,,,,,,,,0.12295081967213115,,0.03424657534246575,,,,,1.5833333333333333,,,,,,,,,,,,,,,,0.043859649122807015,,,,,,,,,,,,,,,,,,,,,,,
formerPresident,61,31,0.005237849905546969,4.972948207960476,0.006070863556197617,1.0,,,0.17857142857142858,0.0106951871657754,,0.031746031746031744,,,,,,0.011494252873563218,0.011904761904761904,,,,,,,,,,,,,0.06349206349206349,0.08333333333333333,,,,,,,,,,,,0.09615384615384616,,0.022598870056497175,0.024096385542168676,,,0.03125,0.011904761904761904,,,,,0.014492753623188406,,,,,,,,,,,,,0.01818181818181818,,0.021052631578947368,,,,,,0.025,,,,0.006622516556291391,,,,,,,,,,,0.02857142857142857,0.03636363636363636,0.012269938650306749,,,,,0.0078125,,,,,,0.014084507042253521,,,,,,0.037037037037037035,0.01639344262295082,,,,,,,,,,,,,,,,,,,,,,,0.008771929824561403,,,0.08695652173913043,,,,0.008771929824561403,,,,,0.017241379310344827,,,,,0.02040816326530612,0.00847457627118644,,,,,0.09523809523809523
gerrymandering,4,2,0.0003434655675768504,1.8836614351536176,0.0006469728439476619,1.0,,,,,,,,,,,,,,,,,,,,,,,,,,,,,,,,,,,,,,,,,0.011299435028248588,,,,,,,,,,,,,,,,,,,,,,,,,,,,,,,,,,,,,,,,,,,,,,,,,,,,,,,,,,,,,,,,,,,,,,,,,,,,,,,,,,,,,,,,,,,,,,,,0.017543859649122806,,,,,,,,,,,,,,,,
government,359,93,0.03082603469002233,44.704192270076256,0.03558962180850955,1.0,0.16867469879518074,0.03333333333333333,,0.0106951871657754,0.057692307692307696,0.06349206349206349,,0.09937888198757763,0.017857142857142856,,,0.10344827586206896,0.09523809523809523,0.029850746268656716,,0.0330188679245283,0.034482758620689655,0.011764705882352941,,0.016129032258064516,,,0.04,0.16,0.037037037037037035,0.015873015873015872,,0.010526315789473684,0.0297029702970297,0.037037037037037035,,0.011764705882352941,0.027777777777777776,,,0.04807692307692308,0.08,,0.038461538461538464,,0.05649717514124294,0.12048192771084337,,0.044117647058823525,0.03125,0.05357142857142857,,,,,,0.045454545454545456,0.05555555555555555,,,0.047619047619047616,,,0.031746031746031744,,0.0136986301369863,,0.011627906976744186,0.01818181818181818,0.10810810810810811,,0.037037037037037035,,0.02531645569620253,0.011494252873563218,,,0.01639344262295082,0.024154589371980673,,0.043046357615894044,0.05970149253731343,0.11940298507462686,0.041666666666666664,0.015209125475285171,,,,0.13157894736842105,,,,0.14545454545454545,0.03067484662576687,0.05263157894736842,0.09302325581395349,0.013888888888888888,0.019704433497536946,,0.01834862385321101,0.03225806451612903,,,,0.08450704225352113,,0.06315789473684211,0.03225806451612903,,,0.037037037037037035,0.03278688524590164,,0.03424657534246575,0.10606060606060606,,,0.009345794392523364,0.03333333333333333,0.10256410256410256,0.024793388429752067,,0.027777777777777776,,0.09302325581395349,,0.05555555555555555,0.02631578947368421,,,0.07142857142857142,0.16666666666666666,0.0196078431372549,0.044117647058823525,0.02631578947368421,0.019417475728155338,0.01694915254237288,,,,0.04054054054054054,0.02631578947368421,,0.007692307692307693,0.017543859649122806,,0.05172413793103448,0.02,0.008333333333333333,0.039473684210526314,0.08928571428571427,,0.02542372881355932,0.03333333333333333,,,0.17567567567567569,0.07142857142857142
governmentProgram,17,5,0.0014597286622016143,3.591231611251554,0.002583311055126138,1.0,,,,,,,,,,,,,,,,0.02358490566037736,,,,,,,,,,,,,,,,,,,,,,,,,,,,,,,,,0.018867924528301886,,0.014492753623188406,,,,,,,,,,,,,0.045454545454545456,,0.05263157894736842,,,,,,,,,,,,,,,,,,,,,,,,,,,,,,,,,,,,,,,,,,,,,,,,,,,,,,,,,,,,,,,,,,,,,,,,,,,,,,,,,,,,,,,
guns,376,34,0.032285763352223946,27.2808957951356,0.03639387593129394,10.0,,1.4444444444444442,,,,,,,,,,,,2.9850746268656714,,,,,,,,,,,0.18518518518518517,,,2.210526315789474,,3.7037037037037033,1.5217391304347827,,,2.4698795180722892,,,0.4,2.8571428571428568,,1.3043478260869565,,,,,,0.05952380952380952,2.4390243902439024,2.391304347826087,,,,,,,,,,,,,,2.5438596491228074,1.6279069767441863,,,0.3157894736842105,,,,,,,,0.2898550724637681,3.1578947368421053,0.033112582781456956,2.537313432835821,,,,,,,,0.27522935779816515,,,,,,,2.7777777777777777,0.39408866995073893,,0.7339449541284404,,,,,,1.8333333333333333,0.42105263157894735,,,,0.37037037037037035,,3.1666666666666665,,,,,,,,,,,,,3.4375,,,,,,,,,,,,,,,,0.08771929824561403,,,,,,1.6,,0.13157894736842105,0.3571428571428571,,0.211864406779661,,,,,
healthcare,63,24,0.005409582689335394,15.299740402607217,0.007625154375276768,5.0,,,,,,0.31746031746031744,,,,,,0.05747126436781609,0.9523809523809526,,,,,,,,,,,0.4,,,,,,,,,,,,,,,0.09615384615384616,,0.0847457627118644,0.30120481927710846,,,0.15625,,,,,,,,,,,,,,,,,,,,0.36036036036036034,,,,,,,0.125,,,0.17543859649122806,,0.07462686567164178,,0.10416666666666666,,,,,,,,,0.36363636363636365,,0.08771929824561403,,,,,,,,,,,,0.10526315789473684,,,,,0.04098360655737705,,,,,,,,0.1282051282051282,,,,,0.11627906976744186,,,,,,,,,0.07352941176470588,,,,,0.13157894736842105,0.10638297872340426,,,,,,,,,,0.06578947368421052,,,,,0.05208333333333333,,,
immigration,169,25,0.014511420230121932,21.732081098326923,0.021384810637148623,5.0,,,,0.026737967914438502,,,,,,,,,,,,0.8726415094339622,,,,0.6451612903225806,1.5384615384615385,,,,,,,,,,,,0.6944444444444444,,,,,,,0.10869565217391304,0.14124293785310735,,,,,,,,,,0.9420289855072463,,,,,,,,,,,,,0.09090909090909091,,0.3157894736842105,,,,,,,,0.024154589371980676,,,,,,,,,,,,,0.14285714285714285,,,0.08771929824561403,,,,0.9765625,,,,,,,,0.2631578947368421,,0.5,,,0.04098360655737705,,,,0.9210526315789473,,,,,,,,,,,,,,,,,1.2745098039215685,,0.043859649122807015,,,,,,0.06756756756756757,0.043859649122807015,,,,,1.206896551724138,0.2,,,0.08928571428571427,,,,,,,
independent,10,5,0.0008586639189421261,3.591231611251554,0.0015115898624546114,1.0,,,,,,,,,,,,,,,,,,,,,,,,,,,,,,,,,,,,,,,,,0.011299435028248588,,,,,,,,0.018867924528301886,,,,,,,0.015873015873015872,0.014925373134328358,,,,,,,,,,,,,,,,,,,,,,,,,,,,,,,,,,,,,,,,,,,,,,,,,,,,,,,,,,0.1282051282051282,,,,,,,,,,,,,,,,,,,,,,,,,,,,,,,,,,,,,,
intelligence,99,25,0.008500772797527048,17.271357008115963,0.010710721038862902,1.0,,,,,0.01282051282051282,,,,,0.02631578947368421,,,,,0.028985507246376812,,,0.12941176470588234,,,,0.08536585365853659,,,,,,,0.009900990099009901,,,0.041176470588235294,,,,0.038461538461538464,,,,,,,,,,0.005952380952380952,,,,,,,,,,,,,,,,,,,,,,,,,,0.07500000000000001,0.00819672131147541,,,0.08609271523178809,,0.014925373134328358,,0.04182509505703422,,0.034482758620689655,0.022222222222222223,,,,,,,0.03508771929824561,0.023255813953488372,,,,,,0.03076923076923077,,,0.014084507042253521,,,,,,,,,,,,,,,,0.01652892561983471,,0.06944444444444445,,,,,,,,0.07142857142857142,,,,,,0.011299435028248588,,,,,,,,,,,,0.008333333333333333,,,,,,,,,
internationalPolitics,98,30,0.008414906405632836,30.14862752686339,0.013178595792511221,1.0,,,,0.0053475935828877,,,,,,,,,,0.014925373134328358,,0.0047169811320754715,,,,,,0.024390243902439025,,,,,0.16666666666666666,,0.039603960396039604,,,,,0.006024096385542169,,0.038461538461538464,,,,,0.005649717514124294,0.012048192771084338,,,,0.05952380952380952,0.016260162601626018,,,,,,,,,,,,,,,,,,0.02702702702702703,0.021052631578947368,,,0.17721518987341772,,,,,0.03864734299516908,,0.016556291390728478,,,,0.011406844106463879,,,0.044444444444444446,,,0.05263157894736842,,,0.006134969325153374,,,,,,,,,,,0.014084507042253521,0.016666666666666666,0.010526315789473684,,,,,,,,,,,,,,0.03305785123966942,,,,,,,,,,,,,,0.008771929824561403,,,,,,0.05405405405405406,,0.015873015873015872,,0.17543859649122806,,,,0.016666666666666666,,,,,,,,,
judicial,532,76,0.0456809204877211,84.66273128636541,0.05684504388084006,1.0,0.07228915662650603,,,0.16042780748663096,0.044871794871794865,,0.2,0.2484472049689441,,,0.4,,0.11904761904761904,,0.043478260869565216,,0.15517241379310345,0.023529411764705882,,,,0.07317073170731707,0.08,,0.018518518518518517,,,,0.0297029702970297,,,0.15294117647058825,0.2361111111111111,,0.13043478260869565,0.038461538461538464,,,0.34615384615384615,,0.05649717514124293,0.012048192771084338,,0.058823529411764705,0.0625,0.005952380952380952,,,,,,,0.125,0.2117647058823529,,,0.07462686567164178,,0.07936507936507936,,0.1232876712328767,,,0.00909090909090909,,0.010526315789473684,0.09876543209876543,0.047619047619047616,,0.24137931034482757,0.027777777777777776,0.05,,0.00966183574879227,,0.009933774834437087,,0.029850746268656716,,0.034220532319391636,,0.034482758620689655,0.022222222222222223,,,0.10526315789473684,,,0.11656441717791413,,,0.027777777777777776,0.04926108374384237,0.0546875,,,,,,0.028169014084507043,,0.010526315789473684,0.03225806451612903,0.19999999999999998,0.125,,,,0.00684931506849315,0.030303030303030304,0.15789473684210525,0.025,0.06542056074766354,,,0.01652892561983471,0.08450704225352113,,,0.023255813953488372,,,0.05263157894736842,,0.02702702702702703,,,0.0392156862745098,,,0.12621359223300968,0.08474576271186443,,0.013157894736842105,0.0425531914893617,,0.10526315789473684,0.015873015873015872,,,0.07500000000000001,,0.02,0.13333333333333333,,0.03571428571428571,0.04081632653061224,0.13559322033898308,,,,0.0945945945945946,
lawEnforcement,49,20,0.004207453202816417,6.386583205159033,0.005133469087945967,1.0,,,,0.026737967914438502,,,,,,0.02631578947368421,,,,0.029850746268656716,,,,,,,,,,,,,,,,,,,,,,,,,,,,,0.058823529411764705,0.029411764705882353,,,,,,,,,,,,,,,0.047619047619047616,,0.0136986301369863,,0.005813953488372093,,,,0.012345679012345678,,,,,,,0.00966183574879227,,,,,,0.0038022813688212928,,,0.022222222222222223,,,0.017543859649122806,,,0.07975460122699386,,,,,,,,,,,0.028169014084507043,,,,,0.125,,,,,,,,0.02803738317757009,,,,,,,,,0.05555555555555555,,,,,,,,,,,,,,,,,,0.017543859649122806,,,,,,,,,,0.020833333333333332,,,
media,225,77,0.019319938176197832,46.14334897826053,0.02744221511319744,1.0,0.012048192771084338,0.022222222222222223,,0.0106951871657754,0.02564102564102564,0.015873015873015872,,,,,,0.022988505747126436,,0.014925373134328358,0.043478260869565216,,,0.011764705882352941,,0.016129032258064516,,0.012195121951219513,0.04,,,,,0.031578947368421054,0.019801980198019802,0.07407407407407407,0.021739130434782608,0.0058823529411764705,0.013888888888888888,0.01807228915662651,0.043478260869565216,,0.12,0.02857142857142857,,,,0.03614457831325302,,0.04411764705882353,,,0.06504065040650407,0.043478260869565216,0.09433962264150944,,0.028985507246376812,0.2272727272727273,,,0.07317073170731707,0.031746031746031744,0.014925373134328358,0.14285714285714285,,0.0196078431372549,,0.008771929824561403,,0.00909090909090909,,,0.012345679012345678,,,,0.027777777777777776,0.1,0.00819672131147541,0.03864734299516908,,,,,,0.045627376425855515,0.07407407407407407,0.034482758620689655,,0.10526315789473684,,,,0.01818181818181818,,0.19298245614035087,0.16279069767441862,,0.009852216748768473,0.015625,0.11009174311926606,,0.023076923076923078,,0.041666666666666664,,0.05,,,0.025,,0.1111111111111111,0.10655737704918032,,,,0.05263157894736842,0.05,,,0.02564102564102564,,0.014084507042253521,0.1388888888888889,0.13636363636363635,0.011627906976744186,,,0.02631578947368421,,0.24324324324324326,,0.08333333333333333,,0.014705882352941176,,,0.005649717514124294,,0.013157894736842105,,,,0.1111111111111111,0.007692307692307693,,0.0125,,,,0.02631578947368421,,,,0.011111111111111112,0.010416666666666666,0.1724137931034483,,
middleEast,40,13,0.003434655675768505,9.676784820746606,0.00541123901931414,1.0,,,,,,,,,,,,,,,,,,,,,,,,,,,,,,,,,,,,,,,,,0.011299435028248588,0.012048192771084338,,,,0.011904761904761904,,,,,,,,,,,,,,,,,,,,0.031578947368421054,,,,,,,,0.043478260869565216,,0.016556291390728478,,,,,,,,,,,,,,,,,,,,,,,,,,,,,,,,,,,0.02631578947368421,,,,,,,,,,,,,,,,,,0.014705882352941176,0.10526315789473684,,,,,,0.013513513513513514,,,,,,0.017241379310344827,,,,,,,0.011111111111111112,,0.034482758620689655,,
northSouthKorea,36,10,0.003091190108191654,2.7673228703072352,0.004072142505023013,1.0,,,,,,,,,,,,,,,,,,,0.025,,,,,,,0.015873015873015872,0.041666666666666664,,,,,,,,,,,,,,,,,,,,,,,,,,,,,,,,,,,,,0.03636363636363636,,,,,,,,0.025,,0.05797101449275362,,0.006622516556291391,,,,,0.12962962962962962,,,,,,,,,,,,,,,,,,,,,,,,,,,,,,,,,,,,,,,,,,,,,,,,,0.043859649122807015,,,,,,0.02702702702702703,,,,,,,,,,,,,,,,,
opinionPolls,34,10,0.0029194573244032285,5.122710528293808,0.004042898602848841,4.0,,,,,,,,,,,,,,,,,,,,,,,,,,,,,,,,,,,,,,,,,,,,,,,,,,,,,,,,0.12698412698412698,,,,,,,,,,,,,,,,,,,,,,,,,,,,,,,,,,,,,,,,0.6451612903225806,,,,,,0.25263157894736843,,,,,,,0.0547945205479452,0.06060606060606061,,,,,,,0.056338028169014086,,,,,,,,,,,,,,,,,,,,,,0.03076923076923077,,,,,,,,,0.03389830508474576,0.044444444444444446,,,,1.2380952380952381
presidentDonaldTrump,682,111,0.058560879271853,3.6056613266741953,0.009204658095148506,0.2,,0.0022222222222222222,0.03571428571428572,0.03529411764705883,0.03461538461538462,0.025396825396825397,,0.02484472049689441,,0.015789473684210527,0.018461538461538463,0.0022988505747126436,0.002380952380952381,,0.028985507246376815,0.0018867924528301887,,0.0023529411764705885,0.05500000000000001,,0.03076923076923077,0.009756097560975611,0.008,0.024,,0.03492063492063492,0.008333333333333333,,0.007920792079207921,,,0.0058823529411764705,0.008333333333333333,0.0024096385542168677,,0.0019230769230769232,,,0.019230769230769232,,0.020338983050847456,0.012048192771084338,0.029411764705882356,0.02647058823529412,,0.005952380952380952,,,0.033962264150943396,0.05714285714285714,0.028985507246376815,0.03636363636363637,0.002777777777777778,0.025882352941176474,0.009756097560975611,,0.023880597014925373,0.04285714285714286,0.02857142857142857,0.01568627450980392,0.0027397260273972603,,,0.049090909090909095,,0.021052631578947368,0.0024691358024691358,0.05714285714285714,0.027848101265822784,,0.02777777777777778,0.010000000000000002,0.009836065573770493,0.005797101449275362,0.0035087719298245615,0.004635761589403974,,0.005970149253731343,,0.0022813688212927757,,0.006896551724137931,0.022222222222222223,,0.009174311926605505,0.0035087719298245615,0.06285714285714286,0.04000000000000001,0.008588957055214725,0.007017543859649123,0.009302325581395349,0.005555555555555556,,0.0015625,,0.07741935483870968,0.0015384615384615387,,0.05,0.022535211267605635,,0.025263157894736845,0.025806451612903226,0.034999999999999996,,,0.0016393442622950822,,0.0013698630136986301,0.0060606060606060615,0.02631578947368421,0.010000000000000002,,0.010000000000000002,0.015384615384615385,0.008264462809917356,0.011267605633802818,0.005555555555555556,0.018181818181818184,0.020930232558139538,,0.003703703703703704,0.05789473684210527,0.025,0.005405405405405406,,0.03333333333333333,0.050980392156862744,0.011764705882352941,0.03333333333333333,0.003883495145631068,0.04067796610169492,0.008695652173913044,0.005263157894736842,0.01702127659574468,0.024324324324324326,0.0017543859649122807,0.0380952380952381,0.006153846153846155,,,0.013793103448275862,0.012,0.0033333333333333335,,0.0035714285714285713,,,0.015555555555555557,0.03333333333333333,0.013793103448275862,,0.04285714285714286
privacy,57,25,0.004894384337970119,2.1598678470925665,0.005065900625020978,1.0,,,,,,,,,0.39285714285714285,,,0.011494252873563218,0.023809523809523808,,0.014492753623188406,,,,,,,,,,,,,,,,,,,0.006024096385542169,,,,,,,,,,,,,,,,,,,,,,,,,,,,0.008771929824561403,0.011627906976744186,,0.009009009009009009,,,,,,,,,,0.017543859649122806,,,,,,0.018518518518518517,0.034482758620689655,,,,,,,,,,,0.0049261083743842365,0.0078125,,,0.007692307692307693,,,,,,,,,,,,0.00684931506849315,,0.02631578947368421,,0.009345794392523364,,,,0.04225352112676056,0.013888888888888888,0.045454545454545456,,,,,,,,,,,0.008771929824561403,,,0.043478260869565216,,,,,,,,,,,,0.07894736842105263,0.05357142857142857,,0.00423728813559322,,,,,
racialTension,21,10,0.0018031942297784646,7.006371963447426,0.0031093213306000365,5.0,0.4216867469879518,,,,,,,,,,,,,,,,,,,0.4032258064516129,,,,,,,,,,,,,,,,,,,,,,,,,,,,,0.09433962264150943,,,,,,,,0.07462686567164178,,,,,,0.029069767441860465,,,,,,,,,,,,,,,,,,,,,,,,,,,,,,,,0.045871559633027525,,,,,,,0.05263157894736842,,,,,,,,,,,,,,,,0.06944444444444445,,,,,,,,,,,,,,,,,,,,,,0.08771929824561403,,,,,,,0.2040816326530612,,,,,,
religion,34,16,0.0029194573244032285,8.84427590804037,0.004386718392599705,5.0,,,,,,,,,,,,,,,,,,,0.875,,,,,,,,,0.15789473684210525,,,0.32608695652173914,,,0.060240963855421686,,,,0.14285714285714285,,0.21739130434782608,,,,,,,0.04065040650406505,,,,,,,,,,,,,,,,,,,,,,,,,,,0.07246376811594202,,,,,,,,,,,,0.17543859649122806,,,,,,0.06944444444444445,0.024630541871921183,,0.09174311926605505,,,,,0.07042253521126761,0.08333333333333333,0.05263157894736842,,,,,,0.25,,,,,,,,,,,,,,,,,,,,,,,,,,,,,,,,,,,,,,,,,,,,,
republican,257,50,0.022067662716812646,30.466047938715544,0.028779524105263184,0.2,0.004819277108433735,0.011111111111111113,0.02857142857142857,,0.007692307692307693,,,,,0.02631578947368421,,0.0022988505747126436,0.007142857142857143,,,,0.051724137931034475,,,,,0.002439024390243903,,,,0.012698412698412698,,,0.0019801980198019802,,,,,,,,,,0.011538461538461539,,0.01016949152542373,,,,,0.0011904761904761906,,,0.0037735849056603774,,,,0.04166666666666667,,,0.012698412698412698,0.0029850746268656717,,,,,,0.005813953488372093,,,0.002105263157894737,0.0024691358024691358,,,0.043678160919540236,,,,,0.007017543859649123,0.0006622516556291391,0.03283582089552239,0.008955223880597015,0.008333333333333333,0.0007604562737642586,,,,,,,,,0.006134969325153375,,,,0.0009852216748768474,,,,,,,0.0028169014084507044,,,,,,,,,,0.021212121212121213,,,,,0.005128205128205128,,0.005633802816901409,,,0.002325581395348837,0.025,0.003703703703703704,0.010526315789473684,,,,,0.011764705882352941,0.0029411764705882353,,0.015533980582524271,,,0.002631578947368421,,,0.021052631578947368,,0.03230769230769231,0.014035087719298246,,,0.024000000000000004,,0.005263157894736842,,,0.03135593220338983,0.011111111111111112,,,0.013513513513513514,
russiaElectionInterference,879,53,0.07547655847501289,64.3435170820659,0.09183130881252467,5.0,,,,0.9358288770053474,1.1858974358974363,0.07936507936507936,,,,0.5263157894736842,,,,,1.1594202898550725,,,2.3529411764705883,,,,2.073170731707317,2.4,,,0.07936507936507936,,,1.3861386138613863,,,2.4999999999999996,,,2.1739130434782608,0.38461538461538464,,,,,0.22598870056497175,,0.29411764705882354,0.9558823529411765,,,,,,0.5714285714285714,,,,0.1764705882352941,,,2.164179104477611,,1.1111111111111112,,1.1643835616438356,,,0.045454545454545456,,,0.06172839506172839,,0.9493670886075949,,0.9722222222222221,1.125,,0.3140096618357488,,0.033112582781456956,,0.4477611940298507,,2.4334600760456273,0.18518518518518517,1.0344827586206897,2.2222222222222223,0.13157894736842105,,0.9649122807017543,,,0.6441717791411044,,,,,0.3515625,,,2.653846153846154,,,,,,,,0.3125,0.18518518518518517,,,,,,1.375,,,,0.9504132231404959,0.8450704225352113,,,,,,0.6578947368421052,,,0.3571428571428571,,,0.07352941176470588,0.043859649122807015,,1.440677966101695,,,,0.06756756756756757,,,,,,,,1.9166666666666667,,0.08928571428571427,,0.0211864406779661,,0.05208333333333333,,,
terrorism,28,14,0.002404258973037953,10.551846084138306,0.004138418987896292,5.0,,0.05555555555555556,,,,,,,,,,,,,,0.11792452830188678,,,,,0.38461538461538464,,,,,,,,,,,,,,,0.04807692307692308,,,,,,,,,,,,,,,0.07246376811594203,,,,,,,,,,,,,,,,,,0.06329113924050633,,,,,0.14492753623188406,,,,,,,,,,,,0.08771929824561403,,,,,,,,0.1953125,,,,,,,,,,,,,0.04098360655737705,,,,0.13157894736842105,,,,,,,,,,,,,,,0.3571428571428571,,,,,,,,,,,0.043859649122807015,,,,,,,,,,,,0.05555555555555556,,,,
tragedy,22,17,0.0018890606216726772,8.698147872362131,0.0029790010391830793,1.0,,0.022222222222222223,,,,,,,,,,,,,,0.0047169811320754715,,,,,,,,,,,,0.021052631578947368,,,0.021739130434782608,,,0.006024096385542169,,,,0.02857142857142857,,0.021739130434782608,,0.012048192771084338,,,,0.005952380952380952,0.024390243902439025,0.021739130434782608,,,,,,,,,,,,,,,,,,,,,,,,,,0.004830917874396135,,,,,,,,,,,,,,,,,,,0.0049261083743842365,,0.009174311926605505,,,0.1111111111111111,,,,,,,,,,,,,,,,,,,,,,,,,,,,,,,,0.008771929824561403,,,,,,,,,,,,,,,,0.017857142857142856,,,,,,,
trumpFamily,55,17,0.004722651554181693,6.2202517833925075,0.006189138407381784,1.0,,,,,,,,,,,,,,0.04477611940298507,,,,0.011764705882352941,,,,,,,,0.031746031746031744,,,,,,,,,,,,,,,,,0.11764705882352941,,,0.005952380952380952,,,0.018867924528301886,,,,,,,,0.014925373134328358,,,,,,0.011627906976744186,0.00909090909090909,,,,,,,,,,0.00966183574879227,,,,0.23880597014925373,,,,,,,,,,,,0.017543859649122806,,,,,,,,,,,,,,,,,0.01639344262295082,,,,,,,,,,,,,,,,,0.125,,,,,,,,,,0.17105263157894735,,,,0.015873015873015872,,,,,,0.008333333333333333,,,,,,,,,
trumpImpeachment,10,5,0.000858663918942126,5.952014301124834,0.0016691288290283477,5.0,,,,0.026737967914438502,,,,0.12422360248447203,,,,,,,,,,,,,,,,,,0.07936507936507936,,,,,,,,,,,,,,,,,,,,,,,,,,,,,,,,,,,,,,,,,,,,,,,,,,,,,,,,,,,,,,,,,,,,,,,,,0.41666666666666663,,,,,,,,,,,,,,,,,0.08264462809917356,,,,,,,,,,,,,,,,,,,,,,,,,,,,,,,,,,,,,
trumpStaff,485,84,0.041645200068693114,61.88675014435236,0.054148667428126275,1.0,,,,0.0481283422459893,0.02564102564102564,0.30158730158730157,,0.006211180124223602,,0.02631578947368421,0.046153846153846156,0.25287356321839083,,,0.21739130434782608,,,,0.07500000000000001,0.016129032258064516,0.038461538461538464,0.024390243902439025,,0.36000000000000004,,0.031746031746031744,0.08333333333333333,,0.019801980198019802,,,0.01764705882352941,0.027777777777777776,,,,0.16,,0.019230769230769232,,0.03389830508474576,0.13253012048192772,0.029411764705882353,0.17647058823529413,0.03125,0.17261904761904762,,,0.1320754716981132,0.14285714285714285,,0.36363636363636365,,0.08235294117647059,,,0.029850746268656716,0.07142857142857142,0.23809523809523808,0.09803921568627451,0.0684931506849315,,0.040697674418604654,0.03636363636363636,,,,0.14285714285714285,0.0379746835443038,,0.2222222222222222,0.025,0.01639344262295082,0.004830917874396135,,0.1456953642384106,,,,,0.05555555555555555,0.1724137931034483,0.022222222222222223,0.18421052631578946,0.01834862385321101,,,0.16363636363636364,0.03067484662576687,0.017543859649122806,,,,0.0078125,,,0.015384615384615385,0.05555555555555555,0.041666666666666664,,,0.010526315789473684,0.25806451612903225,0.05,0.4375,0.1111111111111111,0.07377049180327869,,,,0.02631578947368421,,,0.03333333333333333,0.07692307692307693,0.03305785123966942,0.014084507042253521,0.027777777777777776,,0.27906976744186046,,,0.05263157894736842,0.2916666666666667,0.02702702702702703,,,,0.27941176470588236,0.08771929824561403,,0.056497175141242945,0.043478260869565216,0.013157894736842105,,0.013513513513513514,,0.14285714285714285,0.007692307692307693,,,,,0.025,,,0.061224489795918366,,0.11111111111111112,0.08333333333333333,,,
unitedStates,203,75,0.017430877554525163,32.24720437544048,0.020641847233480056,0.01,,,,0.000106951871657754,,,0.001,0.0005590062111801243,,,,0.00011494252873563218,,,,0.00033018867924528304,,,,0.0004838709677419355,0.00038461538461538467,0.00012195121951219514,,,0.0007407407407407407,,0.00041666666666666664,,0.0004950495049504951,,,0.00011764705882352942,0.00041666666666666664,6.024096385542169e-05,,0.00038461538461538467,,,,,5.649717514124294e-05,,,0.00029411764705882356,0.00125,0.0002976190476190476,,0.0002173913043478261,,0.00028571428571428574,,,0.0001388888888888889,,,,,0.0007142857142857143,0.00015873015873015873,0.000196078431372549,0.000273972602739726,8.771929824561403e-05,0.0001744186046511628,0.00027272727272727274,0.00036036036036036037,0.00031578947368421053,0.0001234567901234568,,0.00025316455696202533,,,,,9.66183574879227e-05,,6.622516556291391e-05,0.00044776119402985075,,,0.0002661596958174905,,,,,0.00027522935779816516,0.0005263157894736842,0.0005714285714285715,,6.134969325153375e-05,,0.00023255813953488373,,0.00024630541871921186,0.00078125,9.174311926605506e-05,,0.0002307692307692308,,,0.00042253521126760566,,0.0002105263157894737,,,,,8.19672131147541e-05,,6.84931506849315e-05,0.0007575757575757576,,,9.345794392523364e-05,0.0003333333333333333,,,0.00014084507042253522,,,,,0.00018518518518518518,0.0002631578947368421,,,,,0.000196078431372549,,0.00017543859649122806,0.0002912621359223301,,0.0004347826086956522,,0.0002127659574468085,0.0005405405405405405,0.0005263157894736842,,0.00038461538461538467,0.0003508771929824561,,0.0008620689655172415,0.0002,0.0003333333333333333,0.0002631578947368421,0.0007142857142857143,0.0004081632653061224,0.0005508474576271187,0.00011111111111111112,0.00020833333333333332,0.0003448275862068966,,
violenceCrime,151,46,0.012965825176026107,37.77221435081464,0.02099709269204079,2.0,0.024096385542168676,,,0.09625668449197862,0.01282051282051282,,,,,,0.03076923076923077,,,,0.028985507246376812,,,,0.05,0.03225806451612903,,0.04878048780487805,0.08,,,0.031746031746031744,0.08333333333333333,,,,,0.011764705882352941,0.027777777777777776,0.024096385542168676,,,,,,0.043478260869565216,,,,,,,0.032520325203252036,,,,0.028985507246376812,,,0.49411764705882355,,,,,,,,,0.10465116279069767,,0.036036036036036036,,0.04938271604938271,,,,,,0.06557377049180328,0.00966183574879227,0.2807017543859649,,,0.029850746268656716,,0.022813688212927757,,,0.044444444444444446,,,,,,0.012269938650306749,,,0.027777777777777776,0.019704433497536946,0.015625,,,0.046153846153846156,,,0.08450704225352113,,,,,,,,0.03333333333333333,0.0273972602739726,,,,0.6542056074766355,,,0.03305785123966942,,,,,0.125,,,,,0.2857142857142857,,,,,,0.03389830508474576,0.08695652173913043,0.05263157894736842,,,,,0.046153846153846156,0.03508771929824561,0.1,,0.08,,,,,,,,,,
war,73,28,0.006268246608277521,21.33530075518212,0.009680457114548744,1.0,,,,,,0.015873015873015872,,,,,,,,,,,,,,,,,,,,,,,0.009900990099009901,,,,,,,0.038461538461538464,,,,,0.005649717514124294,0.012048192771084338,,,,0.06547619047619047,,,,,0.014492753623188406,,,,,,,0.07142857142857142,,,,,,,0.009009009009009009,0.06315789473684211,,,0.05063291139240506,,0.027777777777777776,,,0.01932367149758454,,0.033112582781456956,,,,,0.018518518518518517,,,,,,,0.01818181818181818,,,,,0.0049261083743842365,0.015625,,,,,,0.028169014084507043,,,0.06451612903225806,,,,0.00819672131147541,,,,,,,,,,,0.013888888888888888,,0.011627906976744186,,,,,,,,,,0.07894736842105263,,,0.08695652173913043,,,,,,,,0.0125,0.017241379310344827,,,,,,,,0.010416666666666666,,,
